1st,2nd,3rd,4th,5th
,A,L,E,N
A,A,L,E,S
A,A,L,E,T
A,A,L,S,T
A,A,L,T,E
A,A,R,E,N
A,A,R,E,S
A,A,S,E,N
A,A,S,E,S
A,A,S,E,T
A,A,S,I,G
A,A,S,T,E
A,A,S,T,S
A,B,A,K,I
A,B,A,R,T
A,B,A,S,S
A,B,A,S,T
A,B,A,T,A
A,B,A,T,E
A,B,A,T,I
A,B,B,A,T
A,B,B,A,U
A,B,B,E,S
A,B,B,O,G
A,B,B,U,K
A,B,E,B,B
A,B,E,C,E
A,B,E,E,S
A,B,E,I,S
A,B,E,N,D
A,B,E,R,N
A,B,E,R,S
A,B,E,S,S
A,B,F,A,S
A,B,F,E,G
A,B,G,A,B
A,B,G,A,S
A,B,G,E,B
A,B,G,E,H
A,B,H,A,B
A,B,H,A,K
A,B,H,A,T
A,B,H,A,U
A,B,H,E,B
A,B,H,O,B
A,B,H,O,L
A,B,H,U,B
A,B,I,R,R
A,B,J,A,G
A,B,K,A,M
A,B,L,A,D
A,B,L,A,G
A,B,L,A,S
A,B,L,E,B
A,B,L,E,G
A,B,L,E,S
A,B,L,U,D
A,B,M,A,L
A,B,N,A,G
A,B,O,R,T
A,B,R,A,T
A,B,R,E,G
A,B,R,U,F
A,B,S,A,G
A,B,S,A,H
A,B,S,E,H
A,B,S,U,D
A,B,T,A,T
A,B,T,A,U
A,B,T,E,I
A,B,T,E,S
A,B,T,U,E
A,B,T,U,N
A,B,T,U,T
A,B,W,E,G
A,B,W,O,G
A,B,Z,O,G
A,B,Z,U,G
A,C,H,A,T
A,C,H,E,L
A,C,H,L,E
A,C,H,S,E
A,C,H,T,E
A,C,I,D,S
A,C,K,E,R
A,C,K,J,A
A,C,K,R,E
A,C,R,E,S
A,C,R,Y,L
A,D,D,E,N
A,D,D,E,T
A,D,E,L,E
A,D,E,L,N
A,D,E,L,S
A,D,E,L,T
A,D,E,P,T
A,D,E,R,N
A,D,I,E,U
A,D,L,E,R
A,D,L,I,G
A,D,R,I,G
A,D,R,I,O
A,D,U,L,T
A,E,R,O,B
A,F,F,E,N
A,F,F,I,G
A,F,F,I,N
A,F,F,I,X
A,F,T,E,R
A,G,A,P,E
A,G,A,V,E
A,G,E,N,S
A,G,E,N,T
A,G,G,L,O
A,G,I,E,N
A,G,I,E,R
A,G,I,L,E
A,G,I,O,S
A,G,N,A,T
A,G,O,N,E
A,G,O,N,S
A,G,O,R,A
A,H,L,E,N
A,H,M,E,N
A,H,M,E,T
A,H,M,S,T
A,H,M,T,E
A,H,N,D,E
A,H,N,E,N
A,H,N,E,S
A,H,N,E,T
A,H,N,I,N
A,H,N,S,T
A,H,N,T,E
A,H,O,R,N
A,I,D,E,N
A,I,N,U,S
A,I,T,E,L
A,K,K,U,S
A,K,N,E,N
A,K,T,E,I
A,K,T,E,N
A,K,T,E,S
A,K,T,I,E
A,K,T,I,V
A,K,U,T,E
A,K,U,T,S
A,L,A,A,F
A,L,A,N,D
A,L,A,N,E
A,L,A,N,T
A,L,A,R,M
A,L,A,U,N
A,L,B,E,N
A,L,B,E,R
A,L,B,E,S
A,L,B,R,E
A,L,B,U,M
A,L,B,U,S
A,L,E,R,T
A,L,G,E,N
A,L,I,A,S
A,L,I,B,I
A,L,I,E,N
A,L,K,E,N
A,L,K,E,S
A,L,K,I,S
A,L,K,Y,L
A,L,L,D,A
A,L,L,E,E
A,L,L,E,L
A,L,L,E,M
A,L,L,E,N
A,L,L,E,R
A,L,L,E,S
A,L,L,E,Z
A,L,L,O,D
A,L,L,Z,U
A,L,M,E,N
A,L,M,E,R
A,L,M,E,T
A,L,M,S,T
A,L,M,T,E
A,L,O,E,N
A,L,O,H,A
A,L,P,E,N
A,L,P,E,S
A,L,P,E,T
A,L,P,H,A
A,L,P,I,N
A,L,P,S,T
A,L,P,T,E
A,L,T,A,N
A,L,T,A,R
A,L,T,E,M
A,L,T,E,N
A,L,T,E,R
A,L,T,E,S
A,L,T,R,E
A,M,A,T,I
A,M,B,E,N
A,M,B,E,R
A,M,B,I,G
A,M,B,O,N
A,M,B,O,S
A,M,B,R,A
A,M,E,N,S
A,M,I,G,O
A,M,I,N,E
A,M,I,N,S
A,M,M,E,N
A,M,M,E,R
A,M,O,K,S
A,M,P,E,L
A,M,S,E,L
A,M,T,E,N
A,M,T,E,S
A,M,T,E,T
A,N,A,L,E
A,N,A,S,S
A,N,B,A,U
A,N,B,E,I
A,N,B,E,T
A,N,B,O,T
A,N,B,U,K
A,N,D,A,U
A,N,D,I,N
A,N,D,R,E
A,N,E,C,K
A,N,E,S,S
A,N,F,A,X
A,N,F,I,X
A,N,G,A,B
A,N,G,E,B
A,N,G,E,H
A,N,G,E,L
A,N,G,E,R
A,N,G,L,E
A,N,G,S,T
A,N,H,A,B
A,N,H,A,K
A,N,H,A,T
A,N,H,A,U
A,N,H,E,B
A,N,H,I,N
A,N,H,O,B
A,N,H,U,B
A,N,I,M,E
A,N,I,M,O
A,N,I,O,N
A,N,I,S,E
A,N,K,A,M
A,N,K,E,N
A,N,K,E,R
A,N,K,R,E
A,N,L,A,G
A,N,L,A,S
A,N,L,E,G
A,N,L,E,S
A,N,L,O,B
A,N,L,O,G
A,N,L,U,V
A,N,M,A,L
A,N,M,U,T
A,N,N,A,S
A,N,N,E,X
A,N,O,D,E
A,N,R,A,T
A,N,R,A,U
A,N,R,E,D
A,N,R,E,G
A,N,R,U,F
A,N,S,A,G
A,N,S,A,H
A,N,S,A,M
A,N,S,E,H
A,N,S,E,N
A,N,S,O,G
A,N,T,A,T
A,N,T,A,U
A,N,T,E,N
A,N,T,I,K
A,N,T,U,E
A,N,T,U,N
A,N,T,U,T
A,N,Z,O,G
A,N,Z,U,G
A,O,R,T,A
A,P,A,R,T
A,P,E,R,E
A,P,E,R,M
A,P,E,R,N
A,P,E,R,O
A,P,E,R,T
A,P,F,E,L
A,P,H,E,L
A,P,N,O,E
A,P,O,L,L
A,P,R,E,M
A,P,R,E,N
A,P,R,E,R
A,P,R,E,S
A,P,R,I,L
A,P,S,I,S
A,R,A,R,A
A,R,C,H,E
A,R,C,U,S
A,R,E,A,L
A,R,E,N,A
A,R,G,E,M
A,R,G,E,N
A,R,G,E,R
A,R,G,E,S
A,R,G,O,N
A,R,G,O,T
A,R,G,U,S
A,R,I,D,E
A,R,I,E,N
A,R,I,E,R
A,R,K,A,N
A,R,K,U,S
A,R,M,E,E
A,R,M,E,M
A,R,M,E,N
A,R,M,E,R
A,R,M,E,S
A,R,M,U,T
A,R,O,M,A
A,R,O,M,E
A,R,O,M,S
A,R,R,A,K
A,R,R,A,Y
A,R,S,C,H
A,R,S,E,N
A,R,S,I,S
A,R,T,E,L
A,R,T,E,N
A,R,T,E,T
A,R,T,I,G
A,R,V,E,N
A,R,Z,T,E
A,S,A,N,T
A,S,C,H,E
A,S,C,H,S
A,S,C,H,T
A,S,E,R,N
A,S,E,R,S
A,S,I,A,T
A,S,K,E,T
A,S,P,I,K
A,S,S,E,L
A,S,S,E,N
A,S,S,E,S
A,S,S,E,T
A,S,S,I,G
A,S,S,I,S
A,S,T,A,T
A,S,T,E,N
A,S,T,E,R
A,S,T,E,S
A,S,T,E,T
A,S,T,I,S
A,S,Y,L,E
A,S,Y,L,S
A,T,E,M,S
A,T,L,A,S
A,T,M,E,N
A,T,M,E,T
A,T,M,O,S
A,T,O,L,L
A,T,O,M,E
A,T,O,M,S
A,T,O,U,T
A,T,Z,E,L
A,T,Z,E,N
A,T,Z,E,T
A,T,Z,T,E
A,U,D,I,O
A,U,D,I,T
A,U,F,T,U
A,U,G,E,N
A,U,G,E,S
A,U,G,I,T
A,U,G,U,R
A,U,L,A,S
A,U,L,E,N
A,U,L,O,I
A,U,L,O,S
A,U,R,A,E
A,U,R,A,R
A,U,R,E,N
A,U,R,U,M
A,U,S,I,X
A,U,S,S,I
A,U,S,T,U
A,U,T,O,R
A,U,T,O,S
A,U,W,E,H
A,U,W,E,I
A,U,X,I,N
A,V,A,L,E
A,V,A,L,S
A,V,E,R,S
A,V,I,S,E
A,V,I,S,O
A,W,A,R,D
A,W,A,R,E
A,X,E,L,N
A,X,E,L,S
A,X,I,A,L
A,X,I,O,M
A,X,O,N,E
A,X,O,N,S
A,Y,R,A,N
A,Z,I,D,E
A,Z,I,D,S
A,Z,U,B,I
A,Z,U,R,N
A,Z,U,R,S
B,A,A,S,E
B,A,B,Y,S
B,A,C,H,E
B,A,C,H,S
B,A,C,K,E
B,A,C,K,S
B,A,C,K,T
B,A,C,O,N
B,A,D,E,N
B,A,D,E,R
B,A,D,E,S
B,A,D,E,T
B,A,F,E,L
B,A,G,E,L
B,A,G,N,I
B,A,G,N,O
B,A,H,A,I
B,A,H,N,E
B,A,H,N,T
B,A,H,R,E
B,A,H,R,T
B,A,I,E,N
B,A,K,E,N
B,A,K,E,T
B,A,K,S,T
B,A,K,T,E
B,A,L,G,E
B,A,L,G,S
B,A,L,G,T
B,A,L,L,A
B,A,L,L,E
B,A,L,L,S
B,A,L,L,T
B,A,L,S,A
B,A,L,T,E
B,A,L,Z,E
B,A,L,Z,T
B,A,M,B,I
B,A,N,A,L
B,A,N,D,E
B,A,N,D,L
B,A,N,D,S
B,A,N,E,N
B,A,N,G,E
B,A,N,G,T
B,A,N,J,O
B,A,N,N,E
B,A,N,N,S
B,A,N,N,T
B,A,N,S,E
B,A,N,S,T
B,A,N,T,U
B,A,N,U,S
B,A,R,B,E
B,A,R,D,E
B,A,R,E,M
B,A,R,E,N
B,A,R,E,R
B,A,R,E,S
B,A,R,G,T
B,A,R,K,E
B,A,R,M,E
B,A,R,M,T
B,A,R,N,E
B,A,R,N,S
B,A,R,O,N
B,A,R,R,E
B,A,R,R,T
B,A,R,S,T
B,A,R,T,E
B,A,R,T,S
B,A,R,Y,T
B,A,S,A,L
B,A,S,A,R
B,A,S,E,N
B,A,S,I,S
B,A,S,K,E
B,A,S,S,E
B,A,S,S,I
B,A,S,S,O
B,A,S,T,A
B,A,S,T,E
B,A,S,T,S
B,A,T,E,N
B,A,T,E,T
B,A,T,I,K
B,A,T,S,T
B,A,U,C,H
B,A,U,D,E
B,A,U,D,S
B,A,U,E,N
B,A,U,E,R
B,A,U,E,S
B,A,U,E,T
B,A,U,M,E
B,A,U,M,S
B,A,U,M,T
B,A,U,R,E
B,A,U,S,T
B,A,U,T,E
B,A,Y,E,R
B,A,Z,A,R
B,A,Z,I,S
B,E,A,M,E
B,E,A,M,T
B,E,A,T,E
B,E,A,T,S
B,E,A,U,S
B,E,B,A,U
B,E,B,E,N
B,E,B,E,S
B,E,B,E,T
B,E,B,O,P
B,E,B,S,T
B,E,B,T,E
B,E,D,E,N
B,E,E,H,R
B,E,E,I,D
B,E,E,I,L
B,E,E,N,D
B,E,E,N,G
B,E,E,R,B
B,E,E,R,D
B,E,E,R,E
B,E,E,T,E
B,E,E,T,S
B,E,F,U,G
B,E,G,A,B
B,E,G,A,S
B,E,G,E,B
B,E,G,E,H
B,E,G,I,B
B,E,G,U,M
B,E,H,A,G
B,E,H,A,U
B,E,H,E,B
B,E,H,E,X
B,E,H,O,B
B,E,H,U,B
B,E,H,U,F
B,E,I,D,E
B,E,I,E,N
B,E,I,E,R
B,E,I,G,E
B,E,I,G,T
B,E,I,L,E
B,E,I,L,S
B,E,I,N,E
B,E,I,N,S
B,E,I,N,T
B,E,I,R,E
B,E,I,R,R
B,E,I,S,S
B,E,I,Z,E
B,E,I,Z,T
B,E,J,A,G
B,E,J,A,H
B,E,K,A,M
B,E,L,A,D
B,E,L,A,G
B,E,L,E,B
B,E,L,E,G
B,E,L,L,E
B,E,L,L,T
B,E,L,O,B
B,E,L,O,G
B,E,L,T,E
B,E,L,T,S
B,E,L,U,D
B,E,L,Z,E
B,E,L,Z,T
B,E,M,A,L
B,E,M,M,E
B,E,N,A,G
B,E,N,N,E
B,E,N,O,T
B,E,N,Z,E
B,E,N,Z,T
B,E,R,A,T
B,E,R,E,D
B,E,R,E,T
B,E,R,E,U
B,E,R,G,E
B,E,R,G,S
B,E,R,G,T
B,E,R,M,E
B,E,R,S,T
B,E,R,U,F
B,E,R,U,H
B,E,S,A,G
B,E,S,A,H
B,E,S,A,M
B,E,S,A,N
B,E,S,E,H
B,E,S,E,N
B,E,S,T,E
B,E,S,T,S
B,E,T,A,N
B,E,T,A,S
B,E,T,A,T
B,E,T,A,U
B,E,T,E,L
B,E,T,E,N
B,E,T,E,R
B,E,T,E,T
B,E,T,O,N
B,E,T,T,E
B,E,T,T,S
B,E,T,U,E
B,E,T,U,N
B,E,T,U,T
B,E,U,C,H
B,E,U,G,E
B,E,U,G,T
B,E,U,L,E
B,E,U,L,T
B,E,U,T,E
B,E,V,O,R
B,E,W,E,G
B,E,W,O,G
B,E,Y,E,N
B,E,Z,O,G
B,E,Z,U,G
B,I,B,E,L
B,I,B,E,R
B,I,B,I,S
B,I,D,E,T
B,I,D,O,N
B,I,E,G,E
B,I,E,G,T
B,I,E,N,E
B,I,E,N,S
B,I,E,R,E
B,I,E,R,S
B,I,E,S,E
B,I,E,S,T
B,I,E,T,E
B,I,G,E,N
B,I,G,O,S
B,I,J,O,U
B,I,K,E,N
B,I,K,E,R
B,I,K,E,S
B,I,K,E,T
B,I,K,S,T
B,I,K,T,E
B,I,L,C,H
B,I,L,D,E
B,I,L,D,S
B,I,L,G,E
B,I,L,L,S
B,I,M,S,E
B,I,M,S,T
B,I,N,A,R
B,I,N,D,E
B,I,N,G,E
B,I,N,G,O
B,I,N,O,M
B,I,N,S,E
B,I,R,G,T
B,I,R,K,E
B,I,R,N,E
B,I,R,R,S
B,I,R,S,T
B,I,S,A,M
B,I,S,C,H
B,I,S,E,N
B,I,S,O,N
B,I,S,S,E
B,I,S,S,T
B,I,T,T,E
B,I,W,A,K
B,L,A,D,E
B,L,A,F,F
B,L,A,G,E
B,L,A,G,S
B,L,A,H,E
B,L,A,K,E
B,L,A,K,T
B,L,A,N,C
B,L,A,N,D
B,L,A,N,K
B,L,A,S,E
B,L,A,S,S
B,L,A,S,T
B,L,A,T,T
B,L,A,U,E
B,L,A,U,N
B,L,A,U,S
B,L,A,U,T
B,L,E,C,H
B,L,E,C,K
B,L,E,I,B
B,L,E,I,E
B,L,E,I,N
B,L,E,I,S
B,L,E,I,T
B,L,E,N,D
B,L,E,U,E
B,L,E,U,N
B,L,E,U,S
B,L,E,U,T
B,L,I,C,H
B,L,I,C,K
B,L,I,E,B
B,L,I,E,S
B,L,I,N,D
B,L,I,N,I
B,L,I,N,K
B,L,I,T,Z
B,L,O,C,H
B,L,O,C,K
B,L,O,G,G
B,L,O,G,S
B,L,O,N,D
B,L,O,S,S
B,L,U,E,S
B,L,U,F,F
B,L,U,M,E
B,L,U,S,E
B,L,U,S,T
B,L,U,T,E
B,L,U,T,S
B,L,U,T,T
B,O,A,R,D
B,O,B,B,E
B,O,B,B,T
B,O,B,B,Y
B,O,B,E,R
B,O,C,H,E
B,O,C,K,E
B,O,C,K,S
B,O,C,K,T
B,O,D,E,N
B,O,D,I,G
B,O,D,Y,S
B,O,G,E,N
B,O,G,E,T
B,O,G,E,Y
B,O,G,I,G
B,O,G,S,T
B,O,G,T,E
B,O,H,E,I
B,O,H,L,E
B,O,H,N,E
B,O,H,N,T
B,O,H,R,E
B,O,H,R,T
B,O,J,A,R
B,O,J,E,N
B,O,J,E,T
B,O,L,A,S
B,O,L,L,E
B,O,L,U,S
B,O,L,Z,E
B,O,L,Z,T
B,O,M,B,E
B,O,M,B,T
B,O,N,D,S
B,O,N,G,E
B,O,N,G,O
B,O,N,G,S
B,O,N,G,T
B,O,N,U,S
B,O,N,Z,E
B,O,O,M,E
B,O,O,M,S
B,O,O,M,T
B,O,O,T,E
B,O,O,T,S
B,O,R,A,S
B,O,R,A,T
B,O,R,A,X
B,O,R,D,E
B,O,R,D,S
B,O,R,G,E
B,O,R,G,S
B,O,R,G,T
B,O,R,K,E
B,O,R,N,E
B,O,R,N,S
B,O,R,T,E
B,O,S,S,E
B,O,T,E,L
B,O,T,E,N
B,O,T,E,T
B,O,T,I,N
B,O,T,S,T
B,O,T,T,E
B,O,T,T,S
B,O,U,L,E
B,O,W,L,E
B,O,W,L,T
B,O,X,E,N
B,O,X,E,R
B,O,X,E,T
B,O,X,T,E
B,R,A,C,H
B,R,A,C,K
B,R,A,N,D
B,R,A,S,S
B,R,A,T,E
B,R,A,T,S
B,R,A,U,E
B,R,A,U,N
B,R,A,U,S
B,R,A,U,T
B,R,A,V,E
B,R,A,V,I
B,R,A,V,O
B,R,E,A,K
B,R,E,C,H
B,R,E,I,E
B,R,E,I,N
B,R,E,I,S
B,R,E,I,T
B,R,E,M,E
B,R,E,M,S
B,R,E,N,N
B,R,E,N,T
B,R,E,T,T
B,R,E,V,E
B,R,E,Z,E
B,R,I,C,H
B,R,I,D,E
B,R,I,E,F
B,R,I,E,S
B,R,I,E,T
B,R,I,G,G
B,R,I,N,G
B,R,I,S,E
B,R,I,S,T
B,R,I,T,E
B,R,O,C,K
B,R,O,M,S
B,R,O,T,E
B,R,O,T,S
B,R,U,C,H
B,R,U,M,M
B,R,U,N,Z
B,R,U,S,T
B,U,B,E,N
B,U,B,I,S
B,U,B,O,S
B,U,C,H,E
B,U,C,H,S
B,U,C,H,T
B,U,D,E,L
B,U,D,E,N
B,U,D,O,S
B,U,F,D,I
B,U,F,F,I
B,U,F,F,O
B,U,G,E,N
B,U,G,E,S
B,U,G,G,Y
B,U,H,E,I
B,U,H,E,N
B,U,H,E,T
B,U,H,L,E
B,U,H,L,T
B,U,H,N,E
B,U,H,S,T
B,U,H,T,E
B,U,K,E,N
B,U,K,E,T
B,U,K,S,T
B,U,L,B,I
B,U,L,L,E
B,U,L,L,Y
B,U,L,T,S
B,U,M,S,E
B,U,M,S,T
B,U,N,D,A
B,U,N,D,E
B,U,N,D,S
B,U,N,G,E
B,U,N,N,Y
B,U,N,T,E
B,U,R,E,N
B,U,R,I,N
B,U,R,K,A
B,U,R,L,I
B,U,R,S,E
B,U,S,C,H
B,U,S,E,N
B,U,S,I,G
B,U,S,S,E
B,U,S,S,I
B,U,T,A,N
B,U,T,E,N
B,U,T,T,E
B,U,T,T,S
B,U,T,Z,E
B,U,X,E,N
B,Y,T,E,S
C,A,B,A,N
C,A,C,H,E
C,A,D,D,Y
C,A,F,E,S
C,A,L,L,A
C,A,M,E,O
C,A,M,P,E
C,A,M,P,S
C,A,M,P,T
C,A,N,N,A
C,A,N,O,N
C,A,N,T,O
C,A,P,A,S
C,A,P,E,S
C,A,R,G,O
C,A,R,V,E
C,A,R,V,T
C,A,S,H,E
C,A,S,H,T
C,A,S,T,E
C,A,T,C,H
C,A,U,S,A
C,E,L,L,A
C,E,L,L,I
C,E,L,L,O
C,E,N,T,S
C,H,A,M,P
C,H,A,N,E
C,H,A,N,S
C,H,A,O,S
C,H,A,O,T
C,H,A,R,T
C,H,A,T,S
C,H,A,T,T
C,H,E,C,K
C,H,E,F,S
C,H,E,I,B
C,H,E,M,O
C,H,I,C,O
C,H,I,C,S
C,H,I,E,F
C,H,I,L,I
C,H,I,L,L
C,H,I,N,O
C,H,I,P,P
C,H,I,P,S
C,H,L,O,R
C,H,O,K,E
C,H,O,R,S
C,H,O,S,E
C,H,R,O,M
C,I,D,R,E
C,I,R,C,A
C,I,R,C,E
C,I,T,Y,S
C,I,V,E,T
C,L,A,I,M
C,L,A,N,E
C,L,A,N,S
C,L,A,S,H
C,L,E,A,N
C,L,E,R,K
C,L,I,P,S
C,L,O,G,S
C,L,O,T,H
C,L,O,U,D
C,L,O,U,S
C,L,O,W,N
C,L,U,B,B
C,L,U,B,S
C,O,A,C,H
C,O,A,T,S
C,O,B,O,L
C,O,C,A,S
C,O,D,A,S
C,O,D,E,S
C,O,D,E,X
C,O,E,U,R
C,O,I,R,S
C,O,L,A,S
C,O,L,O,N
C,O,M,B,O
C,O,M,I,C
C,O,M,P,I
C,O,N,G,A
C,O,N,T,E
C,O,N,T,I
C,O,O,L,E
C,O,R,D,E
C,O,R,D,S
C,O,R,E,S
C,O,R,G,I
C,O,R,P,S
C,O,R,S,O
C,O,U,C,H
C,O,U,N,T
C,O,U,P,E
C,O,U,P,S
C,O,U,R,T
C,O,V,E,R
C,R,A,C,K
C,R,A,S,H
C,R,A,W,L
C,R,A,Z,Y
C,R,E,A,M
C,R,E,D,O
C,R,E,E,K
C,R,E,M,A
C,R,E,M,E
C,R,E,M,T
C,R,E,P,E
C,R,E,W,S
C,R,O,S,S
C,U,R,E,S
C,U,R,I,E
C,U,R,R,Y
C,U,T,T,E
C,U,V,E,E
C,Y,A,N,S
D,A,B,E,I
D,A,C,H,E
D,A,C,H,L
D,A,C,H,S
D,A,C,H,T
D,A,D,A,S
D,A,D,D,Y
D,A,H,A,B
D,A,H,A,T
D,A,H,E,R
D,A,H,I,N
D,A,I,L,Y
D,A,I,N,A
D,A,K,E,R
D,A,L,A,G
D,A,L,B,E
D,A,L,K,E
D,A,L,K,S
D,A,L,K,T
D,A,L,L,E
D,A,L,L,I
D,A,M,E,N
D,A,M,I,T
D,A,M,M,E
D,A,M,M,S
D,A,M,N,A
D,A,M,P,F
D,A,N,D,Y
D,A,N,K,E
D,A,N,K,S
D,A,N,K,T
D,A,R,A,N
D,A,R,B,E
D,A,R,B,T
D,A,R,G,E
D,A,R,G,S
D,A,R,I,N
D,A,R,K,E
D,A,R,K,S
D,A,R,M,E
D,A,R,M,S
D,A,R,O,B
D,A,R,R,E
D,A,R,R,T
D,A,R,T,S
D,A,R,T,U
D,A,R,U,M
D,A,T,E,I
D,A,T,E,N
D,A,T,E,S
D,A,T,I,V
D,A,T,U,M
D,A,U,B,E
D,A,U,E,N
D,A,U,E,R
D,A,U,E,T
D,A,U,N,E
D,A,U,R,E
D,A,U,S,E
D,A,U,S,T
D,A,U,T,E
D,A,V,I,T
D,A,V,O,N
D,A,V,O,R
D,A,W,A,I
D,E,A,L,E
D,E,A,L,S
D,E,A,L,T
D,E,B,E,T
D,E,B,I,L
D,E,C,K,E
D,E,C,K,S
D,E,C,K,T
D,E,E,R,N
D,E,G,E,N
D,E,H,N,E
D,E,H,N,T
D,E,I,C,H
D,E,I,N,E
D,E,I,N,S
D,E,I,S,T
D,E,K,A,N
D,E,K,A,R
D,E,K,A,S
D,E,K,O,R
D,E,L,L,E
D,E,L,L,T
D,E,L,T,A
D,E,M,E,N
D,E,M,O,S
D,E,M,U,T
D,E,N,A,R
D,E,N,E,N
D,E,N,K,E
D,E,N,K,T
D,E,P,O,T
D,E,P,P,E
D,E,P,P,S
D,E,P,R,I
D,E,R,B,E
D,E,R,B,Y
D,E,R,E,N
D,E,R,E,R
D,E,R,M,A
D,E,S,T,O
D,E,T,T,O
D,E,U,T,E
D,E,V,O,N
D,E,V,O,T
D,E,Z,E,N
D,E,Z,E,S
D,E,Z,I,S
D,I,C,H,T
D,I,C,K,E
D,I,C,K,T
D,I,E,B,E
D,I,E,B,S
D,I,E,L,E
D,I,E,L,T
D,I,E,M,E
D,I,E,N,E
D,I,E,N,T
D,I,E,S,E
D,I,G,E,N
D,I,G,I,T
D,I,K,T,A
D,I,L,D,O
D,I,L,L,E
D,I,L,L,S
D,I,M,E,S
D,I,M,M,E
D,I,M,M,T
D,I,N,A,R
D,I,N,E,R
D,I,N,G,E
D,I,N,G,I
D,I,N,G,O
D,I,N,G,S
D,I,N,G,T
D,I,N,K,S
D,I,N,O,S
D,I,O,D,E
D,I,P,O,L
D,I,P,P,E
D,I,P,P,T
D,I,R,E,X
D,I,R,N,E
D,I,S,C,O
D,I,S,C,S
D,I,S,K,O
D,I,S,K,S
D,I,S,P,O
D,I,S,S,E
D,I,S,S,T
D,I,V,A,S
D,I,V,E,N
D,I,V,I,S
D,I,W,A,N
D,I,X,I,E
D,J,U,M,A
D,O,B,E,L
D,O,C,H,T
D,O,C,K,E
D,O,C,K,S
D,O,C,K,T
D,O,G,E,N
D,O,G,G,E
D,O,G,M,A
D,O,H,L,E
D,O,H,N,E
D,O,K,E,T
D,O,K,U,S
D,O,L,C,E
D,O,L,C,H
D,O,L,D,E
D,O,L,E,N
D,O,L,E,T
D,O,L,L,E
D,O,L,L,Y
D,O,L,M,E
D,O,L,M,S
D,O,L,O,S
D,O,L,S,T
D,O,L,T,E
D,O,L,U,S
D,O,M,A,S
D,O,M,E,N
D,O,M,E,S
D,O,M,R,A
D,O,N,A,S
D,O,N,G,S
D,O,N,N,A
D,O,N,U,T
D,O,O,F,E
D,O,P,E,N
D,O,P,E,R
D,O,P,E,S
D,O,P,E,T
D,O,P,S,T
D,O,P,T,E
D,O,R,E,R
D,O,R,F,E
D,O,R,F,S
D,O,R,N,E
D,O,R,N,S
D,O,R,R,E
D,O,R,R,T
D,O,S,E,N
D,O,S,E,T
D,O,S,I,S
D,O,S,T,E
D,O,S,T,S
D,O,T,E,S
D,O,Y,E,N
D,R,A,H,N
D,R,A,H,T
D,R,A,I,N
D,R,A,L,L
D,R,A,M,A
D,R,A,N,G
D,R,A,N,K
D,R,A,P,E
D,R,A,U,F
D,R,A,U,S
D,R,E,C,K
D,R,E,H,E
D,R,E,H,N
D,R,E,H,S
D,R,E,H,T
D,R,E,I,N
D,R,E,L,L
D,R,E,S,S
D,R,I,F,T
D,R,I,L,L
D,R,I,N,G
D,R,I,N,K
D,R,I,T,T
D,R,I,V,E
D,R,O,G,E
D,R,O,H,E
D,R,O,H,N
D,R,O,H,T
D,R,O,P,S
D,R,O,S,T
D,R,U,C,K
D,R,U,D,E
D,R,U,M,S
D,R,U,S,E
D,U,A,L,A
D,U,A,L,E
D,U,A,L,S
D,U,C,H,T
D,U,C,K,E
D,U,C,K,T
D,U,D,E,L
D,U,D,L,E
D,U,E,L,L
D,U,E,T,T
D,U,F,F,E
D,U,F,T,E
D,U,F,T,S
D,U,K,A,T
D,U,K,E,S
D,U,L,D,E
D,U,M,A,S
D,U,M,M,E
D,U,M,M,Y
D,U,M,P,F
D,U,N,E,M
D,U,N,E,N
D,U,N,E,R
D,U,N,E,S
D,U,N,G,E
D,U,N,G,S
D,U,N,S,T
D,U,P,L,A
D,U,P,S,E
D,U,R,C,H
D,U,R,F,T
D,U,R,R,A
D,U,R,S,T
D,U,S,C,H
D,U,S,E,L
D,U,S,L,E
D,U,S,T,E
D,U,S,T,S
D,U,T,T,E
D,U,T,T,S
D,U,V,E,T
D,U,Z,E,N
D,U,Z,E,T
D,U,Z,I,S
D,U,Z,T,E
D,W,A,R,S
D,W,E,I,L
E,A,G,L,E
E,A,R,L,S
E,B,B,E,N
E,B,B,E,T
E,B,B,S,T
E,B,B,T,E
E,B,E,N,E
E,B,E,R,N
E,B,E,R,S
E,B,I,T,S
E,B,N,E,M
E,B,N,E,N
E,B,N,E,R
E,B,N,E,S
E,B,N,E,T
E,B,O,L,A
E,C,H,O,E
E,C,H,O,N
E,C,H,O,S
E,C,H,O,T
E,C,H,S,E
E,C,H,T,E
E,C,K,E,N
E,C,K,E,R
E,C,K,E,S
E,C,K,E,T
E,C,K,I,G
E,C,K,S,T
E,C,K,T,E
E,D,I,E,R
E,D,I,K,T
E,D,L,E,M
E,D,L,E,N
E,D,L,E,R
E,D,L,E,S
E,D,U,K,T
E,F,E,U,S
E,F,F,E,T
E,G,A,R,T
E,G,E,L,N
E,G,E,L,S
E,G,G,E,N
E,G,G,E,T
E,G,G,S,T
E,G,G,T,E
E,G,L,I,S
E,H,E,R,N
E,H,E,S,T
E,H,R,E,N
E,H,R,E,T
E,H,R,S,T
E,H,R,T,E
E,I,B,E,N
E,I,B,N,E
E,I,C,H,E
E,I,C,H,T
E,I,D,A,M
E,I,D,E,N
E,I,D,E,S
E,I,E,R,E
E,I,E,R,N
E,I,E,R,T
E,I,F,E,R
E,I,F,R,E
E,I,G,E,N
E,I,G,N,E
E,I,L,E,N
E,I,L,E,T
E,I,L,I,G
E,I,L,S,T
E,I,L,T,E
E,I,M,E,R
E,I,N,E,M
E,I,N,E,N
E,I,N,E,R
E,I,N,E,S
E,I,N,E,T
E,I,N,I,G
E,I,N,S,T
E,I,N,T,E
E,I,S,E,N
E,I,S,E,S
E,I,S,E,T
E,I,S,I,G
E,I,S,S,E
E,I,S,T,E
E,I,T,E,L
E,I,T,E,R
E,I,T,L,E
E,I,T,R,E
E,K,A,R,T
E,K,E,L,E
E,K,E,L,N
E,K,E,L,S
E,K,E,L,T
E,K,L,A,T
E,K,L,E,M
E,K,L,E,N
E,K,L,E,R
E,K,L,E,S
E,K,L,I,G
E,K,Z,E,M
E,L,A,N,S
E,L,A,S,T
E,L,C,H,E
E,L,C,H,S
E,L,E,M,I
E,L,E,N,D
E,L,E,N,S
E,L,E,V,E
E,L,F,E,N
E,L,F,E,R
E,L,F,T,E
E,L,I,T,E
E,L,L,E,N
E,L,L,E,R
E,L,L,O,K
E,L,O,G,E
E,L,T,E,R
E,M,A,I,L
E,M,D,E,N
E,M,D,E,R
E,M,D,E,S
E,M,D,E,T
E,M,I,R,E
E,M,I,R,S
E,M,M,E,R
E,M,P,O,R
E,M,S,E,N
E,M,S,E,R
E,M,S,I,G
E,N,D,E,L
E,N,D,E,N
E,N,D,E,S
E,N,D,E,T
E,N,D,I,G
E,N,D,L,E
E,N,G,E,L
E,N,G,E,M
E,N,G,E,N
E,N,G,E,R
E,N,G,E,S
E,N,G,E,T
E,N,G,S,T
E,N,G,T,E
E,N,K,E,L
E,N,N,E,T
E,N,O,R,M
E,N,T,E,N
E,N,T,E,R
E,N,T,R,E
E,N,Z,Y,M
E,O,S,I,N
E,P,H,O,R
E,P,O,D,E
E,R,A,H,N
E,R,B,A,T
E,R,B,A,U
E,R,B,E,B
E,R,B,E,N
E,R,B,E,S
E,R,B,E,T
E,R,B,I,N
E,R,B,O,S
E,R,B,O,T
E,R,B,S,E
E,R,B,S,T
E,R,B,T,E
E,R,D,E,N
E,R,D,E,T
E,R,D,I,G
E,R,E,I,L
E,R,E,R,B
E,R,G,A,B
E,R,G,E,B
E,R,G,E,H
E,R,G,I,B
E,R,H,E,B
E,R,H,O,B
E,R,H,O,L
E,R,H,U,B
E,R,I,K,A
E,R,J,A,G
E,R,K,E,R
E,R,K,O,R
E,R,L,A,B
E,R,L,A,G
E,R,L,A,S
E,R,L,E,B
E,R,L,E,G
E,R,L,E,N
E,R,L,E,S
E,R,L,N,E
E,R,L,O,G
E,R,N,E,U
E,R,N,S,T
E,R,N,T,E
E,R,P,E,L
E,R,R,A,T
E,R,R,E,G
E,R,S,A,H
E,R,S,E,H
E,R,S,T,E
E,R,S,T,I
E,R,V,E,N
E,R,W,O,G
E,R,Z,E,N
E,R,Z,E,S
E,R,Z,N,E
E,R,Z,O,G
E,S,C,H,E
E,S,E,L,N
E,S,E,L,S
E,S,P,A,N
E,S,P,E,N
E,S,P,N,E
E,S,S,A,Y
E,S,S,E,N
E,S,S,E,R
E,S,S,E,T
E,S,S,I,G
E,S,T,E,N
E,S,T,E,R
E,S,T,I,N
E,T,A,G,E
E,T,A,T,S
E,T,H,A,N
E,T,H,E,R
E,T,H,I,K
E,T,H,O,S
E,T,H,Y,L
E,T,M,A,L
E,T,T,E,R
E,T,U,I,S
E,T,W,A,S
E,T,Y,M,A
E,U,E,R,E
E,U,E,R,M
E,U,E,R,N
E,U,L,E,N
E,U,M,E,L
E,U,R,E,M
E,U,R,E,N
E,U,R,E,R
E,U,R,E,S
E,U,R,O,S
E,U,T,E,R
E,V,E,N,T
E,W,E,R,N
E,W,E,R,S
E,W,I,G,E
E,X,A,K,T
E,X,E,M,T
E,X,E,N,D
E,X,E,N,S
E,X,E,S,T
E,X,I,L,E
E,X,I,L,S
E,X,P,O,S
E,X,T,E,N
E,X,T,E,T
E,X,T,R,A
E,Y,R,I,R
E,Z,Z,E,S
F,A,B,E,L
F,A,B,L,E
F,A,C,H,E
F,A,C,H,S
F,A,C,H,T
F,A,C,T,S
F,A,D,E,M
F,A,D,E,N
F,A,D,E,R
F,A,D,E,S
F,A,D,O,S
F,A,H,L,E
F,A,H,N,D
F,A,H,N,E
F,A,H,R,E
F,A,H,R,T
F,A,I,R,E
F,A,K,E,N
F,A,K,E,S
F,A,K,E,T
F,A,K,I,R
F,A,K,S,T
F,A,K,T,A
F,A,K,T,E
F,A,K,T,S
F,A,L,B,E
F,A,L,K,E
F,A,L,L,E
F,A,L,L,S
F,A,L,L,T
F,A,L,S,A
F,A,L,T,E
F,A,L,Z,E
F,A,L,Z,T
F,A,M,O,S
F,A,N,A,L
F,A,N,G,E
F,A,N,G,O
F,A,N,G,S
F,A,N,G,T
F,A,N,T,E
F,A,N,T,S
F,A,R,A,D
F,A,R,B,E
F,A,R,C,E
F,A,R,I,N
F,A,R,N,E
F,A,R,N,S
F,A,R,R,E
F,A,R,S,I
F,A,S,A,N
F,A,S,C,H
F,A,S,E,L
F,A,S,E,N
F,A,S,E,R
F,A,S,E,T
F,A,S,L,E
F,A,S,R,E
F,A,S,S,E
F,A,S,S,T
F,A,S,T,E
F,A,T,A,L
F,A,T,U,M
F,A,T,W,A
F,A,U,C,H
F,A,U,L,E
F,A,U,L,T
F,A,U,N,A
F,A,U,N,E
F,A,U,N,S
F,A,U,S,T
F,A,V,E,N
F,A,V,U,S
F,A,X,E,N
F,A,X,E,T
F,A,X,T,E
F,A,Z,I,T
F,E,B,E,R
F,E,C,H,S
F,E,C,H,T
F,E,C,I,T
F,E,D,E,R
F,E,D,R,E
F,E,E,D,S
F,E,G,E,N
F,E,G,E,R
F,E,G,E,T
F,E,G,S,T
F,E,G,T,E
F,E,H,D,E
F,E,H,E,N
F,E,H,E,S
F,E,H,L,E
F,E,H,L,T
F,E,H,N,E
F,E,H,N,S
F,E,I,E,N
F,E,I,E,R
F,E,I,E,T
F,E,I,G,E
F,E,I,L,E
F,E,I,L,T
F,E,I,M,E
F,E,I,M,S
F,E,I,N,D
F,E,I,N,E
F,E,I,N,T
F,E,I,R,E
F,E,I,S,S
F,E,I,S,T
F,E,I,T,E
F,E,I,X,E
F,E,I,X,T
F,E,L,D,E
F,E,L,D,S
F,E,L,G,E
F,E,L,G,T
F,E,L,L,E
F,E,L,L,S
F,E,L,S,E
F,E,M,E,L
F,E,M,E,N
F,E,N,C,H
F,E,N,E,K
F,E,N,N,E
F,E,N,N,S
F,E,N,Z,E
F,E,N,Z,T
F,E,R,G,E
F,E,R,G,G
F,E,R,N,E
F,E,R,S,E
F,E,S,C,H
F,E,S,E,N
F,E,S,E,S
F,E,S,T,E
F,E,S,T,S
F,E,T,A,L
F,E,T,A,S
F,E,T,E,N
F,E,T,T,E
F,E,T,T,S
F,E,T,U,S
F,E,T,Z,E
F,E,T,Z,T
F,E,U,E,R
F,E,U,R,E
F,E,X,E,N
F,E,X,E,S
F,E,Z,E,N
F,E,Z,E,S
F,I,A,L,E
F,I,B,E,L
F,I,B,E,R
F,I,C,H,E
F,I,C,H,T
F,I,C,H,U
F,I,C,K,E
F,I,C,K,S
F,I,C,K,T
F,I,C,U,S
F,I,D,E,L
F,I,D,U,Z
F,I,E,L,E
F,I,E,L,T
F,I,E,P,E
F,I,E,P,T
F,I,E,R,E
F,I,E,R,T
F,I,E,S,E
F,I,G,H,T
F,I,G,L,N
F,I,G,L,S
F,I,G,U,R
F,I,L,E,S
F,I,L,E,T
F,I,L,M,E
F,I,L,M,S
F,I,L,M,T
F,I,L,O,U
F,I,L,Z,E
F,I,L,Z,T
F,I,N,A,L
F,I,N,C,A
F,I,N,D,E
F,I,N,G,E
F,I,N,G,T
F,I,N,I,S
F,I,N,I,T
F,I,N,N,E
F,I,N,T,E
F,I,P,S,E
F,I,R,M,A
F,I,R,M,E
F,I,R,M,T
F,I,R,N,E
F,I,R,N,S
F,I,R,S,T
F,I,R,T,H
F,I,S,C,H
F,I,T,I,S
F,I,T,T,E
F,I,T,Z,E
F,I,T,Z,T
F,I,X,E,M
F,I,X,E,N
F,I,X,E,R
F,I,X,E,S
F,I,X,E,T
F,I,X,T,E
F,I,X,U,M
F,J,E,L,D
F,J,E,L,L
F,J,O,R,D
F,L,A,C,H
F,L,A,C,K
F,L,A,G,G
F,L,A,I,R
F,L,A,K,E
F,L,A,K,S
F,L,A,M,E
F,L,A,M,M
F,L,A,N,K
F,L,A,P,S
F,L,A,S,H
F,L,A,U,E
F,L,A,U,M
F,L,A,U,N
F,L,A,U,S
F,L,A,U,T
F,L,E,C,K
F,L,E,E,T
F,L,E,H,E
F,L,E,H,M
F,L,E,H,N
F,L,E,H,T
F,L,E,N,N
F,L,E,T,T
F,L,E,T,Z
F,L,E,X,E
F,L,E,X,T
F,L,I,C,K
F,L,I,C,S
F,L,I,E,G
F,L,I,E,H
F,L,I,E,S
F,L,I,N,K
F,L,I,N,T
F,L,I,N,Z
F,L,I,P,P
F,L,I,P,S
F,L,I,R,R
F,L,I,R,T
F,L,I,T,Z
F,L,O,A,T
F,L,O,C,K
F,L,O,G,T
F,L,O,H,N
F,L,O,H,S
F,L,O,H,T
F,L,O,M,E
F,L,O,M,S
F,L,O,O,R
F,L,O,P,P
F,L,O,P,S
F,L,O,R,A
F,L,O,R,E
F,L,O,R,S
F,L,O,S,S
F,L,O,T,T
F,L,O,W,S
F,L,U,A,T
F,L,U,C,H
F,L,U,G,E
F,L,U,G,S
F,L,U,I,D
F,L,U,K,E
F,L,U,O,R
F,L,U,R,E
F,L,U,R,S
F,L,U,S,E
F,L,U,S,S
F,L,U,T,E
F,L,Y,E,R
F,O,C,H,T
F,O,H,L,E
F,O,H,L,T
F,O,K,A,L
F,O,K,U,S
F,O,L,G,E
F,O,L,G,T
F,O,L,I,A
F,O,L,I,E
F,O,L,I,O
F,O,L,K,S
F,O,N,D,S
F,O,N,E,M
F,O,N,T,S
F,O,P,P,E
F,O,P,P,T
F,O,R,E,N
F,O,R,K,E
F,O,R,L,E
F,O,R,M,E
F,O,R,M,T
F,O,R,S,T
F,O,R,T,E
F,O,R,T,I
F,O,R,T,S
F,O,R,U,M
F,O,S,E,N
F,O,S,S,E
F,O,T,O,N
F,O,T,O,S
F,O,T,Z,E
F,O,T,Z,T
F,O,U,L,E
F,O,U,L,S
F,O,U,L,T
F,O,X,E,N
F,O,X,E,S
F,O,Y,E,R
F,R,A,C,K
F,R,A,G,E
F,R,A,G,T
F,R,A,I,S
F,R,A,M,E
F,R,A,N,C
F,R,A,N,K
F,R,A,N,S
F,R,A,N,Z
F,R,A,S,S
F,R,A,T,Z
F,R,E,A,K
F,R,E,C,H
F,R,E,I,E
F,R,E,I,N
F,R,E,I,T
F,R,E,M,D
F,R,E,S,S
F,R,E,T,T
F,R,E,U,D
F,R,E,U,E
F,R,E,U,N
F,R,E,U,T
F,R,I,E,D
F,R,I,E,R
F,R,I,E,S
F,R,I,S,S
F,R,I,S,T
F,R,I,T,T
F,R,O,H,E
F,R,O,M,M
F,R,O,N,D
F,R,O,N,E
F,R,O,N,T
F,R,O,R,T
F,R,O,S,T
F,R,U,G,T
F,R,U,S,T
F,U,C,H,S
F,U,D,E,R
F,U,D,I,T
F,U,F,F,I
F,U,G,E,N
F,U,G,E,T
F,U,G,S,T
F,U,G,T,E
F,U,H,R,E
F,U,H,R,T
F,U,M,E,S
F,U,N,D,E
F,U,N,D,I
F,U,N,D,S
F,U,N,G,I
F,U,N,K,E
F,U,N,K,S
F,U,N,K,T
F,U,N,K,Y
F,U,N,Z,E
F,U,N,Z,T
F,U,R,C,H
F,U,R,I,E
F,U,R,O,R
F,U,R,Z,E
F,U,R,Z,T
F,U,S,C,H
F,U,S,E,L
F,U,S,L,E
F,U,S,S,E
F,U,S,S,T
F,U,S,T,I
F,U,T,O,N
F,U,T,U,R
F,U,Z,E,L
F,U,Z,L,E
F,U,Z,Z,I
G,A,B,E,L
G,A,B,E,N
G,A,B,L,E
G,A,B,S,T
G,A,C,K,S
G,A,D,E,N
G,A,F,F,E
G,A,F,F,T
G,A,G,A,T
G,A,G,E,N
G,A,G,E,T
G,A,G,S,T
G,A,G,T,E
G,A,L,A,N
G,A,L,A,S
G,A,L,L,E
G,A,L,O,N
G,A,L,T,E
G,A,M,B,E
G,A,M,E,N
G,A,M,E,S
G,A,M,E,T
G,A,M,M,A
G,A,M,S,T
G,A,M,T,E
G,A,N,D,S
G,A,N,G,E
G,A,N,G,S
G,A,N,Z,E
G,A,R,B,E
G,A,R,D,E
G,A,R,E,M
G,A,R,E,N
G,A,R,E,R
G,A,R,E,S
G,A,R,E,T
G,A,R,N,E
G,A,R,N,I
G,A,R,N,S
G,A,R,S,T
G,A,R,T,E
G,A,S,E,L
G,A,S,E,N
G,A,S,E,S
G,A,S,E,T
G,A,S,I,G
G,A,S,S,E
G,A,S,S,I
G,A,S,T,E
G,A,S,T,S
G,A,T,E,N
G,A,T,E,S
G,A,T,T,E
G,A,T,T,S
G,A,U,B,E
G,A,U,C,H
G,A,U,D,I
G,A,U,E,N
G,A,U,E,S
G,A,U,L,E
G,A,U,L,S
G,A,U,L,T
G,A,U,P,E
G,A,U,R,S
G,A,U,S,S
G,A,U,Z,E
G,A,U,Z,T
G,A,Z,E,N
G,E,B,A,R
G,E,B,E,N
G,E,B,E,R
G,E,B,E,T
G,E,B,O,T
G,E,C,K,O
G,E,E,S,T
G,E,E,X,T
G,E,G,E,N
G,E,H,A,B
G,E,H,E,N
G,E,H,E,R
G,E,H,E,T
G,E,H,L,E
G,E,H,R,E
G,E,H,R,T
G,E,H,S,T
G,E,I,E,N
G,E,I,E,R
G,E,I,E,T
G,E,I,G,E
G,E,I,G,T
G,E,I,L,E
G,E,I,L,T
G,E,I,S,A
G,E,I,S,S
G,E,I,S,T
G,E,I,T,E
G,E,I,Z,E
G,E,I,Z,T
G,E,L,B,E
G,E,L,B,S
G,E,L,D,E
G,E,L,D,S
G,E,L,E,E
G,E,L,E,N
G,E,L,E,T
G,E,L,L,E
G,E,L,L,T
G,E,L,O,B
G,E,L,S,E
G,E,L,S,T
G,E,L,T,E
G,E,L,Z,E
G,E,L,Z,T
G,E,M,M,E
G,E,M,S,E
G,E,N,A,S
G,E,N,A,U
G,E,N,E,N
G,E,N,E,S
G,E,N,I,E
G,E,N,O,M
G,E,N,R,E
G,E,N,U,G
G,E,N,U,S
G,E,R,A,T
G,E,R,B,E
G,E,R,B,T
G,E,R,E,N
G,E,R,E,S
G,E,R,E,U
G,E,R,M,E
G,E,R,M,S
G,E,R,N,E
G,E,R,T,E
G,E,R,U,H
G,E,S,T,E
G,E,S,T,S
G,E,T,A,N
G,E,T,T,O
G,E,T,U,E
G,E,U,S,E
G,E,U,Z,T
G,I,A,U,R
G,I,B,S,T
G,I,C,H,T
G,I,C,K,S
G,I,E,N,E
G,I,E,N,S
G,I,E,R,E
G,I,E,R,T
G,I,E,S,S
G,I,F,T,E
G,I,F,T,S
G,I,G,O,T
G,I,G,U,E
G,I,L,B,E
G,I,L,B,S
G,I,L,B,T
G,I,L,D,E
G,I,L,E,T
G,I,M,P,E
G,I,N,G,E
G,I,N,G,T
G,I,N,K,O
G,I,P,S,E
G,I,P,S,T
G,I,R,A,T
G,I,R,L,S
G,I,R,O,S
G,I,R,R,E
G,I,R,R,T
G,I,S,C,H
G,I,S,S,E
G,I,S,S,T
G,I,T,Z,I
G,L,A,C,E
G,L,A,N,S
G,L,A,N,Z
G,L,A,S,E
G,L,A,S,T
G,L,A,T,T
G,L,A,U,B
G,L,E,I,S
G,L,E,I,T
G,L,E,V,E
G,L,I,C,H
G,L,I,E,D
G,L,I,M,M
G,L,I,O,M
G,L,I,T,T
G,L,O,M,M
G,L,O,S,E
G,L,O,S,T
G,L,O,T,Z
G,L,U,C,K
G,N,A,D,E
G,N,A,G,I
G,N,A,T,Z
G,N,E,I,S
G,N,O,M,E
G,N,O,M,S
G,O,A,L,I
G,O,A,L,S
G,O,D,E,L
G,O,D,E,N
G,O,D,E,R
G,O,D,I,N
G,O,D,L,N
G,O,F,E,N
G,O,J,I,M
G,O,K,E,L
G,O,K,L,E
G,O,L,D,E
G,O,L,D,S
G,O,L,F,E
G,O,L,F,S
G,O,L,F,T
G,O,N,E,N
G,O,N,G,E
G,O,N,G,S
G,O,N,G,T
G,O,O,D,Y
G,O,R,E,N
G,O,R,G,O
G,O,R,S,T
G,O,S,E,N
G,O,S,S,E
G,O,S,S,T
G,O,T,E,N
G,O,T,H,A
G,O,T,I,K
G,O,T,I,N
G,O,T,T,E
G,O,U,D,A
G,R,A,B,E
G,R,A,B,S
G,R,A,B,T
G,R,A,D,E
G,R,A,D,L
G,R,A,D,S
G,R,A,F,E
G,R,A,F,S
G,R,A,I,N
G,R,A,L,S
G,R,A,M,E
G,R,A,M,M
G,R,A,M,S
G,R,A,N,D
G,R,A,N,E
G,R,A,N,S
G,R,A,N,T
G,R,A,P,H
G,R,A,P,S
G,R,A,S,E
G,R,A,S,T
G,R,A,T,E
G,R,A,T,S
G,R,A,U,E
G,R,A,U,L
G,R,A,U,N
G,R,A,U,S
G,R,A,U,T
G,R,A,V,E
G,R,E,E,N
G,R,E,G,E
G,R,E,I,F
G,R,E,I,N
G,R,E,I,S
G,R,E,L,L
G,R,E,N,Z
G,R,I,E,N
G,R,I,F,F
G,R,I,L,L
G,R,I,M,M
G,R,I,N,D
G,R,I,N,S
G,R,I,P,S
G,R,I,T,E
G,R,I,T,S
G,R,O,B,E
G,R,O,G,S
G,R,O,L,L
G,R,O,O,M
G,R,O,S,S
G,R,O,S,Z
G,R,U,B,B
G,R,U,B,E
G,R,U,B,T
G,R,U,D,E
G,R,U,F,T
G,R,U,M,T
G,R,U,N,D
G,R,U,N,Z
G,R,U,P,P
G,R,U,S,E
G,R,U,S,S
G,U,A,N,O
G,U,A,V,E
G,U,C,K,E
G,U,C,K,I
G,U,C,K,T
G,U,G,G,E
G,U,I,D,E
G,U,L,A,G
G,U,L,L,Y
G,U,M,M,I
G,U,M,P,E
G,U,N,S,T
G,U,P,F,E
G,U,P,F,S
G,U,P,P,Y
G,U,R,K,E
G,U,R,K,T
G,U,R,R,E
G,U,R,R,T
G,U,R,T,E
G,U,R,T,S
G,U,R,U,S
G,U,S,S,E
G,U,S,T,O
G,U,T,E,M
G,U,T,E,N
G,U,T,E,R
G,U,T,E,S
G,U,T,T,U
G,Y,R,O,S
H,A,A,R,E
H,A,A,R,S
H,A,A,R,T
H,A,B,E,N
H,A,B,E,R
H,A,B,E,T
H,A,B,I,L
H,A,B,I,T
H,A,B,R,E
H,A,C,E,K
H,A,C,K,E
H,A,C,K,S
H,A,C,K,T
H,A,D,E,R
H,A,D,R,E
H,A,F,E,N
H,A,F,E,R
H,A,F,F,E
H,A,F,F,S
H,A,F,T,E
H,A,F,T,S
H,A,G,E,L
H,A,G,E,N
H,A,G,E,R
H,A,G,E,S
H,A,G,L,E
H,A,G,R,E
H,A,H,N,E
H,A,H,N,S
H,A,I,E,N
H,A,I,E,S
H,A,I,K,U
H,A,I,N,E
H,A,I,N,S
H,A,K,E,L
H,A,K,E,N
H,A,K,E,T
H,A,K,I,G
H,A,K,I,M
H,A,K,L,E
H,A,K,S,T
H,A,K,T,E
H,A,L,A,L
H,A,L,B,E
H,A,L,D,E
H,A,L,E,R
H,A,L,F,T
H,A,L,L,E
H,A,L,L,O
H,A,L,L,S
H,A,L,L,T
H,A,L,M,A
H,A,L,M,E
H,A,L,M,S
H,A,L,O,S
H,A,L,S,E
H,A,L,S,T
H,A,L,T,E
H,A,L,T,S
H,A,M,A,M
H,A,M,A,S
H,A,M,E,N
H,A,M,I,T
H,A,N,D,S
H,A,N,D,Y
H,A,N,F,E
H,A,N,F,S
H,A,N,G,E
H,A,N,G,S
H,A,N,G,T
H,A,P,E,R
H,A,P,P,E
H,A,P,P,S
H,A,P,P,T
H,A,P,P,Y
H,A,P,R,E
H,A,R,A,M
H,A,R,D,E
H,A,R,E,M
H,A,R,F,E
H,A,R,F,T
H,A,R,K,E
H,A,R,K,T
H,A,R,M,E
H,A,R,M,S
H,A,R,N,E
H,A,R,N,S
H,A,R,N,T
H,A,R,R,E
H,A,R,R,T
H,A,R,S,T
H,A,R,T,E
H,A,R,T,Z
H,A,R,Z,E
H,A,R,Z,T
H,A,S,C,H
H,A,S,E,L
H,A,S,E,N
H,A,S,P,E
H,A,S,S,E
H,A,S,S,T
H,A,S,T,E
H,A,T,T,E
H,A,T,Z,I
H,A,U,B,E
H,A,U,C,H
H,A,U,E,N
H,A,U,E,R
H,A,U,E,T
H,A,U,F,E
H,A,U,P,T
H,A,U,S,A
H,A,U,S,E
H,A,U,S,T
H,A,U,T,E
H,A,X,E,N
H,A,X,L,N
H,A,X,L,S
H,E,A,V,Y
H,E,B,E,L
H,E,B,E,N
H,E,B,E,R
H,E,B,E,T
H,E,B,L,E
H,E,B,R,E
H,E,B,S,T
H,E,C,H,T
H,E,C,K,E
H,E,C,K,S
H,E,C,K,T
H,E,D,E,N
H,E,D,N,E
H,E,E,R,E
H,E,E,R,S
H,E,F,E,N
H,E,F,I,G
H,E,F,T,E
H,E,F,T,S
H,E,G,E,N
H,E,G,E,R
H,E,G,E,T
H,E,G,S,T
H,E,G,T,E
H,E,H,L,E
H,E,H,L,T
H,E,H,R,E
H,E,I,A,S
H,E,I,D,E
H,E,I,D,I
H,E,I,L,E
H,E,I,L,S
H,E,I,L,T
H,E,I,M,E
H,E,I,M,S
H,E,I,N,I
H,E,I,N,Z
H,E,I,S,A
H,E,I,S,S
H,E,I,Z,E
H,E,I,Z,T
H,E,L,A,U
H,E,L,F,E
H,E,L,F,T
H,E,L,G,E
H,E,L,I,X
H,E,L,L,E
H,E,L,L,T
H,E,L,M,E
H,E,L,M,S
H,E,L,O,T
H,E,M,D,E
H,E,M,D,S
H,E,M,M,E
H,E,M,M,T
H,E,N,D,L
H,E,N,K,E
H,E,N,K,T
H,E,N,N,A
H,E,N,N,E
H,E,N,R,Y
H,E,R,A,B
H,E,R,A,N
H,E,R,B,E
H,E,R,D,E
H,E,R,D,S
H,E,R,I,S
H,E,R,M,E
H,E,R,O,A
H,E,R,O,E
H,E,R,O,S
H,E,R,R,N
H,E,R,T,Z
H,E,R,U,M
H,E,R,Z,E
H,E,R,Z,T
H,E,R,Z,U
H,E,S,S,E
H,E,T,Z,E
H,E,T,Z,T
H,E,U,E,N
H,E,U,E,R
H,E,U,E,S
H,E,U,E,T
H,E,U,L,E
H,E,U,L,T
H,E,U,R,E
H,E,U,S,T
H,E,U,T,E
H,E,X,E,N
H,E,X,E,R
H,E,X,E,T
H,E,X,T,E
H,I,A,T,E
H,I,A,T,S
H,I,C,K,S
H,I,E,B,E
H,I,E,B,S
H,I,E,B,T
H,I,E,F,E
H,I,E,L,T
H,I,E,S,S
H,I,E,V,E
H,I,E,V,T
H,I,E,Z,U
H,I,G,H,E
H,I,L,F,E
H,I,L,F,T
H,I,L,U,S
H,I,N,A,B
H,I,N,A,N
H,I,N,D,E
H,I,N,D,I
H,I,N,D,U
H,I,N,G,E
H,I,N,G,T
H,I,N,K,E
H,I,N,K,T
H,I,N,T,U
H,I,N,Z,U
H,I,P,P,E
H,I,R,N,E
H,I,R,N,I
H,I,R,N,S
H,I,R,N,T
H,I,R,S,E
H,I,R,T,E
H,I,S,S,E
H,I,S,S,T
H,I,T,Z,E
H,I,W,I,S
H,O,B,B,Y
H,O,B,E,L
H,O,B,E,N
H,O,B,L,E
H,O,B,S,T
H,O,C,H,S
H,O,C,K,E
H,O,C,K,S
H,O,C,K,T
H,O,D,E,N
H,O,F,E,S
H,O,F,F,E
H,O,F,F,T
H,O,H,E,M
H,O,H,E,N
H,O,H,E,R
H,O,H,E,S
H,O,H,L,E
H,O,H,N,E
H,O,H,N,S
H,O,L,D,E
H,O,L,E,N
H,O,L,E,T
H,O,L,K,E
H,O,L,K,S
H,O,L,L,A
H,O,L,L,E
H,O,L,M,E
H,O,L,M,S
H,O,L,S,T
H,O,L,T,E
H,O,L,Z,E
H,O,L,Z,T
H,O,M,I,E
H,O,M,O,S
H,O,N,E,N
H,O,N,E,T
H,O,N,I,G
H,O,N,S,T
H,O,N,T,E
H,O,O,L,S
H,O,P,F,E
H,O,P,F,T
H,O,P,I,S
H,O,P,S,A
H,O,P,S,E
H,O,P,S,T
H,O,R,C,H
H,O,R,D,E
H,O,R,E,N
H,O,R,N,E
H,O,R,N,S
H,O,R,S,T
H,O,R,T,E
H,O,R,T,S
H,O,S,E,N
H,O,S,T,S
H,O,T,E,L
H,O,T,T,E
H,O,T,T,O
H,O,U,S,E
H,U,B,E,N
H,U,B,E,R
H,U,B,E,S
H,U,B,E,T
H,U,B,S,T
H,U,C,K,E
H,U,C,K,T
H,U,D,E,L
H,U,D,E,N
H,U,D,E,R
H,U,D,L,E
H,U,D,R,E
H,U,F,E,N
H,U,F,E,S
H,U,H,N,E
H,U,H,N,S
H,U,K,A,S
H,U,K,E,R
H,U,L,A,S
H,U,L,K,E
H,U,L,K,S
H,U,M,A,N
H,U,M,I,D
H,U,M,O,R
H,U,M,O,S
H,U,M,U,S
H,U,N,D,E
H,U,N,D,S
H,U,N,N,E
H,U,N,N,I
H,U,N,T,E
H,U,N,T,S
H,U,P,E,N
H,U,P,E,T
H,U,P,F,E
H,U,P,F,S
H,U,P,F,T
H,U,P,S,T
H,U,P,T,E
H,U,R,D,E
H,U,R,E,N
H,U,R,E,T
H,U,R,I,S
H,U,R,R,A
H,U,R,S,T
H,U,R,T,E
H,U,S,A,R
H,U,S,C,H
H,U,S,K,Y
H,U,S,S,A
H,U,S,S,E
H,U,S,S,T
H,U,S,T,E
H,U,T,E,S
H,U,T,T,E
H,U,T,U,S
H,U,T,Z,E
H,Y,D,R,A
H,Y,M,E,N
H,Y,M,N,E
H,Y,P,E,S
H,Y,P,H,E
I,A,H,E,N
I,A,H,E,T
I,A,H,S,T
I,A,H,T,E
I,A,M,B,E
I,C,I,N,G
I,C,O,N,S
I,D,E,A,L
I,D,E,E,N
I,D,E,N,T
I,D,I,O,M
I,D,I,O,T
I,D,O,L,E
I,D,O,L,S
I,D,Y,L,L
I,G,E,L,E
I,G,E,L,N
I,G,E,L,S
I,G,E,L,T
I,G,I,T,T
I,G,L,U,S
I,H,L,E,N
I,H,N,E,N
I,H,R,E,M
I,H,R,E,N
I,H,R,E,R
I,H,R,E,S
I,H,R,Z,E
I,H,R,Z,T
I,K,O,N,E
I,K,O,N,S
I,K,T,E,N
I,K,T,U,S
I,L,E,E,N
I,L,E,R,N
I,L,E,R,S
I,L,E,U,S
I,L,L,E,R
I,L,L,R,E
I,L,T,I,S
I,M,A,G,E
I,M,A,G,O
I,M,A,M,E
I,M,A,M,S
I,M,A,N,S
I,M,K,E,R
I,M,K,R,E
I,M,M,E,N
I,M,M,E,R
I,M,M,U,N
I,M,P,F,E
I,M,P,F,T
I,N,A,N,E
I,N,D,E,M
I,N,D,E,R
I,N,D,E,S
I,N,D,E,X
I,N,D,I,E
I,N,D,I,O
I,N,D,I,Z
I,N,D,O,L
I,N,E,R,T
I,N,F,A,M
I,N,F,E,L
I,N,F,I,X
I,N,F,O,S
I,N,F,U,L
I,N,F,U,S
I,N,G,O,T
I,N,K,A,S
I,N,L,A,Y
I,N,N,E,N
I,N,N,I,G
I,N,P,U,T
I,N,S,E,L
I,N,S,T,E
I,N,T,I,M
I,N,T,I,S
I,N,T,R,O
I,N,T,U,S
I,N,U,I,T
I,N,U,K,S
I,O,D,A,T
I,O,D,E,S
I,O,D,I,D
I,O,N,E,N
I,O,T,A,S
I,R,A,D,E
I,R,A,K,I
I,R,B,I,S
I,R,D,E,N
I,R,D,N,E
I,R,R,E,M
I,R,R,E,N
I,R,R,E,R
I,R,R,E,S
I,R,R,E,T
I,R,R,I,G
I,R,R,S,T
I,R,R,T,E
I,S,C,H,E
I,S,L,A,M
I,S,M,E,N
I,S,M,U,S
I,T,E,M,S
I,W,A,N,S
I,W,R,I,T
I,X,E,S,T
I,X,T,E,N
I,X,T,E,T
J,A,B,O,S
J,A,B,O,T
J,A,C,H,T
J,A,C,K,E
J,A,D,E,S
J,A,G,E,N
J,A,G,E,T
J,A,G,S,T
J,A,G,T,E
J,A,H,R,E
J,A,H,R,S
J,A,K,O,S
J,A,L,O,N
J,A,M,B,E
J,A,M,M,E
J,A,M,M,T
J,A,P,P,E
J,A,P,P,T
J,A,P,S,E
J,A,P,S,T
J,A,S,S,E
J,A,S,S,T
J,A,U,C,H
J,A,U,L,E
J,A,U,L,T
J,A,U,S,E
J,A,Z,Z,E
J,A,Z,Z,T
J,E,A,N,S
J,E,C,K,E
J,E,D,E,M
J,E,D,E,N
J,E,D,E,R
J,E,D,E,S
J,E,H,E,R
J,E,N,E,M
J,E,N,E,N
J,E,N,E,R
J,E,N,E,S
J,E,R,E,Z
J,E,R,U,M
J,E,T,E,S
J,E,T,O,N
J,E,T,T,E
J,E,T,T,S
J,E,T,Z,O
J,E,T,Z,T
J,I,V,E,N
J,I,V,E,S
J,O,B,B,E
J,O,B,B,T
J,O,C,H,E
J,O,C,H,S
J,O,C,H,T
J,O,D,A,T
J,O,D,E,L
J,O,D,E,S
J,O,D,I,D
J,O,D,I,T
J,O,D,L,E
J,O,G,A,S
J,O,G,G,E
J,O,G,G,T
J,O,G,I,N
J,O,G,I,S
J,O,H,L,E
J,O,H,L,T
J,O,I,N,T
J,O,K,E,R
J,O,K,O,S
J,O,K,U,S
J,O,L,L,E
J,O,P,P,E
J,O,T,A,S
J,O,U,L,E
J,O,U,R,S
J,U,A,N,S
J,U,B,E,L
J,U,B,L,E
J,U,C,H,E
J,U,C,H,T
J,U,C,H,Z
J,U,C,K,E
J,U,C,K,T
J,U,D,A,S
J,U,D,E,N
J,U,D,O,S
J,U,I,C,E
J,U,L,E,I
J,U,L,I,S
J,U,M,B,O
J,U,M,P,E
J,U,M,P,T
J,U,N,G,E
J,U,N,G,S
J,U,N,G,T
J,U,N,I,S
J,U,N,O,S
J,U,N,T,A
J,U,P,E,S
J,U,R,A,S
J,U,R,O,R
J,U,R,T,E
J,U,R,Y,S
J,U,S,O,S
J,U,W,E,L
J,U,X,E,N
J,U,X,E,S
J,U,X,E,T
J,U,X,T,A
J,U,X,T,E
K,A,B,E,L
K,A,B,I,S
K,A,B,L,E
K,A,C,K,A
K,A,C,K,E
K,A,C,K,T
K,A,D,E,R
K,A,D,I,S
K,A,F,F,E
K,A,F,F,S
K,A,F,I,R
K,A,H,L,E
K,A,H,M,E
K,A,H,M,S
K,A,H,M,T
K,A,H,N,E
K,A,H,N,S
K,A,J,A,K
K,A,J,A,L
K,A,J,E,N
K,A,K,A,O
K,A,K,E,L
K,A,K,E,N
K,A,K,E,S
K,A,K,I,S
K,A,K,L,E
K,A,L,B,E
K,A,L,B,S
K,A,L,B,T
K,A,L,I,F
K,A,L,I,S
K,A,L,K,E
K,A,L,K,S
K,A,L,K,T
K,A,L,L,A
K,A,L,L,E
K,A,L,M,E
K,A,L,T,E
K,A,M,E,E
K,A,M,E,L
K,A,M,E,N
K,A,M,I,N
K,A,M,M,E
K,A,M,M,S
K,A,M,P,F
K,A,M,P,S
K,A,M,S,T
K,A,N,A,L
K,A,N,I,N
K,A,N,N,A
K,A,N,N,E
K,A,N,N,T
K,A,N,O,N
K,A,N,T,E
K,A,N,U,S
K,A,P,E,E
K,A,P,E,R
K,A,P,O,K
K,A,P,O,S
K,A,P,P,A
K,A,P,P,E
K,A,P,P,T
K,A,P,R,E
K,A,P,U,T
K,A,R,A,T
K,A,R,D,E
K,A,R,E,N
K,A,R,E,R
K,A,R,E,S
K,A,R,G,E
K,A,R,G,O
K,A,R,G,T
K,A,R,M,A
K,A,R,N,S
K,A,R,O,S
K,A,R,R,E
K,A,R,R,T
K,A,R,S,T
K,A,R,T,E
K,A,R,T,S
K,A,S,A,K
K,A,S,B,A
K,A,S,C,H
K,A,S,E,L
K,A,S,E,R
K,A,S,K,O
K,A,S,S,A
K,A,S,S,E
K,A,S,T,E
K,A,S,U,S
K,A,T,E,N
K,A,T,E,R
K,A,T,T,E
K,A,T,Z,E
K,A,U,E,N
K,A,U,E,R
K,A,U,E,T
K,A,U,F,E
K,A,U,F,S
K,A,U,F,T
K,A,U,L,E
K,A,U,R,E
K,A,U,R,I
K,A,U,S,T
K,A,U,T,E
K,A,U,Z,E
K,A,V,A,L
K,A,W,I,S
K,E,B,A,B
K,E,B,A,P
K,E,B,S,E
K,E,C,K,E
K,E,D,E,R
K,E,E,S,E
K,E,F,E,N
K,E,F,I,R
K,E,G,E,L
K,E,G,L,E
K,E,H,L,E
K,E,H,L,T
K,E,H,R,E
K,E,H,R,S
K,E,H,R,T
K,E,I,B,E
K,E,I,B,S
K,E,I,F,E
K,E,I,F,T
K,E,I,L,E
K,E,I,L,S
K,E,I,L,T
K,E,I,M,E
K,E,I,M,S
K,E,I,M,T
K,E,I,N,E
K,E,I,N,S
K,E,K,S,E
K,E,L,C,H
K,E,L,I,M
K,E,L,L,E
K,E,L,T,E
K,E,L,T,S
K,E,N,D,O
K,E,N,N,E
K,E,N,N,T
K,E,R,B,E
K,E,R,B,S
K,E,R,B,T
K,E,R,F,E
K,E,R,F,S
K,E,R,L,E
K,E,R,L,S
K,E,R,N,E
K,E,R,N,S
K,E,R,N,T
K,E,R,U,B
K,E,R,W,E
K,E,R,Z,E
K,E,S,S,E
K,E,T,O,N
K,E,T,T,E
K,E,U,C,H
K,E,U,L,E
K,E,U,L,T
K,H,A,K,I
K,H,A,N,E
K,H,A,N,S
K,H,M,E,R
K,I,C,K,E
K,I,C,K,S
K,I,C,K,T
K,I,D,D,Y
K,I,E,K,E
K,I,E,K,S
K,I,E,K,T
K,I,E,L,E
K,I,E,L,S
K,I,E,M,E
K,I,E,N,E
K,I,E,N,S
K,I,E,P,E
K,I,E,S,E
K,I,E,S,T
K,I,E,Z,E
K,I,F,F,E
K,I,F,F,T
K,I,K,I,S
K,I,L,B,I
K,I,L,L,E
K,I,L,L,T
K,I,L,N,E
K,I,L,N,S
K,I,L,O,S
K,I,L,T,E
K,I,L,T,S
K,I,M,M,E
K,I,N,D,E
K,I,N,D,S
K,I,N,G,S
K,I,N,N,E
K,I,N,N,S
K,I,N,O,S
K,I,O,S,K
K,I,P,F,E
K,I,P,F,S
K,I,P,O,T
K,I,P,P,A
K,I,P,P,E
K,I,P,P,T
K,I,P,S,E
K,I,R,B,E
K,I,R,K,E
K,I,R,N,E
K,I,R,N,T
K,I,R,R,E
K,I,R,R,T
K,I,S,T,E
K,I,T,A,S
K,I,T,E,N
K,I,T,E,T
K,I,T,T,E
K,I,T,T,S
K,I,T,Z,E
K,I,W,I,S
K,L,A,C,K
K,L,A,F,F
K,L,A,G,E
K,L,A,G,T
K,L,A,M,M
K,L,A,N,E
K,L,A,N,G
K,L,A,N,S
K,L,A,P,F
K,L,A,P,P
K,L,A,P,S
K,L,A,R,E
K,L,A,R,O
K,L,A,R,S
K,L,A,R,T
K,L,A,S,S
K,L,A,U,B
K,L,A,U,E
K,L,A,U,N
K,L,A,U,T
K,L,E,B,E
K,L,E,B,T
K,L,E,C,K
K,L,E,E,S
K,L,E,I,B
K,L,E,I,D
K,L,E,I,E
K,L,E,I,N
K,L,E,I,S
K,L,E,M,M
K,L,E,N,G
K,L,I,C,K
K,L,I,E,B
K,L,I,E,R
K,L,I,F,F
K,L,I,M,A
K,L,I,M,M
K,L,I,N,G
K,L,I,N,K
K,L,I,P,P
K,L,I,P,S
K,L,I,R,R
K,L,O,B,T
K,L,O,M,M
K,L,O,N,E
K,L,O,N,I
K,L,O,N,S
K,L,O,N,T
K,L,O,O,T
K,L,O,P,F
K,L,O,P,P
K,L,O,P,S
K,L,O,S,S
K,L,O,T,Z
K,L,U,B,S
K,L,U,F,T
K,L,U,G,E
K,L,U,M,P
K,L,U,S,E
K,N,A,B,E
K,N,A,C,K
K,N,A,L,L
K,N,A,P,P
K,N,A,P,S
K,N,A,R,R
K,N,A,R,Z
K,N,A,S,T
K,N,A,U,F
K,N,A,U,L
K,N,E,I,F
K,N,E,I,P
K,N,E,T,E
K,N,I,C,K
K,N,I,E,N
K,N,I,E,S
K,N,I,E,T
K,N,I,F,F
K,N,I,P,P
K,N,I,P,S
K,N,O,C,K
K,N,O,F,I
K,N,O,P,F
K,N,O,R,Z
K,N,O,S,P
K,N,O,T,E
K,N,O,T,Z
K,N,U,F,F
K,N,U,R,R
K,N,U,S,T
K,N,U,T,E
K,O,A,L,A
K,O,B,E,L
K,O,B,E,N
K,O,B,E,R
K,O,B,R,A
K,O,C,H,E
K,O,C,H,S
K,O,C,H,T
K,O,D,A,S
K,O,D,E,S
K,O,D,E,X
K,O,F,E,L
K,O,F,E,N
K,O,G,E,L
K,O,G,E,S
K,O,G,G,E
K,O,H,L,E
K,O,H,L,S
K,O,H,L,T
K,O,I,N,E
K,O,J,E,N
K,O,K,E,L
K,O,K,E,N
K,O,K,E,R
K,O,K,E,T
K,O,K,K,E
K,O,K,L,E
K,O,K,O,N
K,O,K,S,E
K,O,K,S,T
K,O,K,T,E
K,O,L,I,K
K,O,L,K,E
K,O,L,K,S
K,O,L,K,T
K,O,L,L,A
K,O,L,L,I
K,O,L,L,O
K,O,L,M,E
K,O,L,M,S
K,O,L,O,N
K,O,M,A,S
K,O,M,B,I
K,O,M,E,T
K,O,M,I,K
K,O,M,M,A
K,O,M,M,E
K,O,M,M,T
K,O,N,A,K
K,O,N,E,N
K,O,N,F,I
K,O,N,G,A
K,O,N,N,T
K,O,N,T,I
K,O,N,T,O
K,O,N,U,S
K,O,O,G,E
K,O,O,G,S
K,O,P,A,L
K,O,P,F,E
K,O,P,F,S
K,O,P,I,E
K,O,P,P,E
K,O,P,P,T
K,O,P,R,A
K,O,P,S,E
K,O,P,T,E
K,O,R,A,M
K,O,R,A,N
K,O,R,B,E
K,O,R,B,S
K,O,R,D,E
K,O,R,D,S
K,O,R,E,N
K,O,R,E,T
K,O,R,K,E
K,O,R,K,S
K,O,R,K,T
K,O,R,N,E
K,O,R,N,S
K,O,R,P,S
K,O,R,S,E
K,O,R,S,O
K,O,R,S,T
K,O,S,A,K
K,O,S,E,N
K,O,S,E,T
K,O,S,T,E
K,O,T,A,U
K,O,T,E,N
K,O,T,E,S
K,O,T,E,T
K,O,T,I,G
K,O,T,O,N
K,O,T,O,S
K,O,T,Z,E
K,O,T,Z,T
K,R,A,A,L
K,R,A,B,B
K,R,A,C,H
K,R,A,C,K
K,R,A,D,E
K,R,A,D,S
K,R,A,F,T
K,R,A,G,E
K,R,A,G,T
K,R,A,K,E
K,R,A,L,E
K,R,A,L,L
K,R,A,L,S
K,R,A,M,E
K,R,A,M,P
K,R,A,M,S
K,R,A,M,T
K,R,A,N,E
K,R,A,N,K
K,R,A,N,S
K,R,A,N,T
K,R,A,N,Z
K,R,A,P,P
K,R,A,S,S
K,R,A,T,T
K,R,A,T,Z
K,R,A,U,E
K,R,A,U,L
K,R,A,U,N
K,R,A,U,S
K,R,A,U,T
K,R,A,X,E
K,R,E,A,S
K,R,E,B,S
K,R,E,D,O
K,R,E,H,L
K,R,E,I,D
K,R,E,I,S
K,R,E,M,L
K,R,E,M,P
K,R,E,M,S
K,R,E,N,G
K,R,E,N,S
K,R,E,O,L
K,R,E,P,P
K,R,E,T,E
K,R,E,U,Z
K,R,I,D,A
K,R,I,E,G
K,R,I,L,L
K,R,I,M,I
K,R,I,M,P
K,R,I,P,O
K,R,I,S,E
K,R,I,S,S
K,R,O,C,H
K,R,O,K,I
K,R,O,K,O
K,R,O,N,E
K,R,O,P,F
K,R,O,S,S
K,R,U,D,E
K,R,U,G,E
K,R,U,G,S
K,R,U,K,E
K,R,U,M,E
K,R,U,M,M
K,R,U,P,P
K,S,A,B,I
K,U,B,E,N
K,U,B,U,S
K,U,C,K,E
K,U,C,K,T
K,U,D,E,R
K,U,D,U,S
K,U,F,E,N
K,U,F,F,E
K,U,G,E,L
K,U,G,L,E
K,U,H,L,E
K,U,J,O,N
K,U,L,A,K
K,U,L,A,N
K,U,L,I,S
K,U,L,M,E
K,U,L,M,S
K,U,L,T,E
K,U,L,T,S
K,U,M,M,E
K,U,M,M,S
K,U,M,P,E
K,U,M,P,F
K,U,M,P,S
K,U,M,S,T
K,U,M,T,E
K,U,M,T,S
K,U,M,Y,S
K,U,N,A,S
K,U,N,D,E
K,U,N,S,T
K,U,P,O,N
K,U,P,P,E
K,U,P,P,T
K,U,R,A,T
K,U,R,D,E
K,U,R,E,N
K,U,R,E,T
K,U,R,I,E
K,U,R,R,E
K,U,R,S,E
K,U,R,S,T
K,U,R,T,E
K,U,R,U,S
K,U,R,V,E
K,U,R,V,T
K,U,R,Z,E
K,U,S,C,H
K,U,S,S,E
K,U,T,E,N
K,U,T,I,S
K,U,T,T,E
K,U,X,E,N
K,U,X,E,S
K,W,A,S,S
K,Y,M,A,S
K,Y,M,R,E
K,Y,R,I,E
L,A,B,E,L
L,A,B,E,N
L,A,B,E,R
L,A,B,E,S
L,A,B,E,T
L,A,B,I,L
L,A,B,L,E
L,A,B,O,R
L,A,B,R,E
L,A,B,S,T
L,A,B,T,E
L,A,C,H,E
L,A,C,H,S
L,A,C,H,T
L,A,C,K,E
L,A,C,K,S
L,A,C,K,T
L,A,D,E,N
L,A,D,E,R
L,A,D,E,T
L,A,D,I,N
L,A,D,Y,S
L,A,F,F,E
L,A,G,E,N
L,A,G,E,R
L,A,G,R,E
L,A,G,S,T
L,A,H,M,E
L,A,H,M,T
L,A,H,N,E
L,A,H,N,S
L,A,I,B,E
L,A,I,B,S
L,A,I,C,H
L,A,I,E,N
L,A,I,I,N
L,A,K,A,I
L,A,K,E,N
L,A,L,L,E
L,A,L,L,T
L,A,M,A,S
L,A,M,E,E
L,A,M,E,S
L,A,M,M,E
L,A,M,M,S
L,A,M,M,T
L,A,M,P,E
L,A,N,D,E
L,A,N,D,S
L,A,N,G,E
L,A,N,G,T
L,A,N,Z,E
L,A,O,T,E
L,A,P,P,E
L,A,R,E,N
L,A,R,G,E
L,A,R,G,O
L,A,R,V,E
L,A,S,C,H
L,A,S,E,N
L,A,S,E,R
L,A,S,E,T
L,A,S,I,K
L,A,S,S,E
L,A,S,S,O
L,A,S,S,T
L,A,S,T,E
L,A,S,U,R
L,A,T,E,X
L,A,T,T,E
L,A,T,Z,E
L,A,T,Z,T
L,A,U,B,E
L,A,U,B,S
L,A,U,C,H
L,A,U,E,M
L,A,U,E,N
L,A,U,E,R
L,A,U,E,S
L,A,U,F,E
L,A,U,F,S
L,A,U,F,T
L,A,U,G,E
L,A,U,G,T
L,A,U,N,E
L,A,U,R,E
L,A,U,S,E
L,A,U,S,T
L,A,U,T,E
L,A,U,T,S
L,A,V,E,N
L,A,X,E,M
L,A,X,E,N
L,A,X,E,R
L,A,X,E,S
L,E,A,D,S
L,E,A,S,E
L,E,A,S,T
L,E,B,E,N
L,E,B,E,R
L,E,B,E,T
L,E,B,S,T
L,E,B,T,E
L,E,C,H,Z
L,E,C,K,E
L,E,C,K,S
L,E,C,K,T
L,E,D,E,R
L,E,D,I,G
L,E,D,R,E
L,E,E,R,E
L,E,E,R,T
L,E,F,Z,E
L,E,G,A,L
L,E,G,A,T
L,E,G,E,L
L,E,G,E,N
L,E,G,E,R
L,E,G,E,S
L,E,G,E,T
L,E,G,I,S
L,E,G,S,T
L,E,G,T,E
L,E,H,E,N
L,E,H,M,E
L,E,H,M,S
L,E,H,N,E
L,E,H,N,T
L,E,H,R,E
L,E,H,R,S
L,E,H,R,T
L,E,I,B,E
L,E,I,B,S
L,E,I,B,T
L,E,I,C,H
L,E,I,D,E
L,E,I,D,S
L,E,I,E,N
L,E,I,E,R
L,E,I,H,E
L,E,I,H,N
L,E,I,H,T
L,E,I,K,E
L,E,I,K,S
L,E,I,M,E
L,E,I,M,S
L,E,I,M,T
L,E,I,N,E
L,E,I,N,S
L,E,I,N,T
L,E,I,R,E
L,E,I,S,E
L,E,I,S,T
L,E,I,T,E
L,E,M,M,A
L,E,M,U,R
L,E,N,D,E
L,E,N,E,S
L,E,N,G,E
L,E,N,G,S
L,E,N,I,S
L,E,N,K,E
L,E,N,K,T
L,E,N,T,I
L,E,N,T,O
L,E,N,Z,E
L,E,N,Z,T
L,E,P,R,A
L,E,P,T,A
L,E,R,N,E
L,E,R,N,T
L,E,S,B,E
L,E,S,E,N
L,E,S,E,R
L,E,S,E,T
L,E,T,A,L
L,E,T,H,E
L,E,T,T,E
L,E,T,Z,E
L,E,T,Z,T
L,E,U,E,N
L,E,U,T,E
L,E,V,E,E
L,E,V,E,L
L,E,V,E,R
L,E,V,I,T
L,E,X,E,M
L,E,X,I,K
L,I,A,N,E
L,I,C,E,T
L,I,C,H,T
L,I,D,E,R
L,I,D,E,S
L,I,D,O,S
L,I,E,B,E
L,I,E,B,S
L,I,E,B,T
L,I,E,D,E
L,I,E,D,S
L,I,E,F,E
L,I,E,F,T
L,I,E,G,E
L,I,E,G,T
L,I,E,H,E
L,I,E,H,N
L,I,E,H,T
L,I,E,K,E
L,I,E,K,S
L,I,E,K,T
L,I,E,N,S
L,I,E,S,E
L,I,E,S,S
L,I,E,S,T
L,I,F,T,E
L,I,F,T,S
L,I,G,E,N
L,I,G,H,T
L,I,I,E,R
L,I,L,A,K
L,I,L,A,S
L,I,L,I,E
L,I,M,B,A
L,I,M,B,I
L,I,M,B,O
L,I,M,E,S
L,I,M,I,T
L,I,M,O,S
L,I,N,D,E
L,I,N,G,A
L,I,N,I,E
L,I,N,K,E
L,I,N,K,S
L,I,N,K,T
L,I,N,O,N
L,I,N,S,E
L,I,N,S,T
L,I,O,N,S
L,I,P,A,S
L,I,P,I,D
L,I,P,O,M
L,I,P,P,E
L,I,P,S,I
L,I,S,C,H
L,I,S,S,E
L,I,S,T,E
L,I,T,A,S
L,I,T,E,R
L,I,T,H,O
L,I,T,T,E
L,I,T,Z,E
L,I,V,E,N
L,I,V,I,N
L,I,V,R,E
L,L,A,N,O
L,O,B,B,E
L,O,B,B,T
L,O,B,B,Y
L,O,B,E,N
L,O,B,E,S
L,O,B,E,T
L,O,B,S,T
L,O,B,T,E
L,O,C,H,E
L,O,C,H,S
L,O,C,H,T
L,O,C,K,E
L,O,C,K,T
L,O,D,D,E
L,O,D,E,N
L,O,D,E,R
L,O,D,G,E
L,O,D,R,E
L,O,F,T,S
L,O,G,E,N
L,O,G,G,E
L,O,G,G,T
L,O,G,I,K
L,O,G,I,N
L,O,G,I,S
L,O,G,O,I
L,O,G,O,S
L,O,G,S,T
L,O,H,E,N
L,O,H,E,T
L,O,H,N,E
L,O,H,N,S
L,O,H,N,T
L,O,H,S,T
L,O,H,T,E
L,O,I,P,E
L,O,K,A,L
L,O,K,U,S
L,O,L,C,H
L,O,L,L,I
L,O,N,G,E
L,O,O,K,S
L,O,R,D,S
L,O,R,E,N
L,O,R,I,S
L,O,R,K,E
L,O,R,K,S
L,O,R,M,E
L,O,R,M,T
L,O,S,C,H
L,O,S,E,M
L,O,S,E,N
L,O,S,E,R
L,O,S,E,S
L,O,S,E,T
L,O,S,T,E
L,O,S,T,S
L,O,T,E,N
L,O,T,E,S
L,O,T,E,T
L,O,T,O,S
L,O,T,S,E
L,O,T,S,T
L,O,T,T,O
L,O,T,U,S
L,O,U,I,S
L,O,V,E,R
L,O,Y,A,L
L,U,B,A,S
L,U,C,H,E
L,U,C,H,S
L,U,C,H,T
L,U,D,E,N
L,U,D,E,R
L,U,D,E,T
L,U,D,R,E
L,U,D,S,T
L,U,F,F,A
L,U,G,E,N
L,U,G,E,S
L,U,G,E,T
L,U,G,S,T
L,U,G,T,E
L,U,K,E,N
L,U,K,E,S
L,U,L,L,E
L,U,L,L,T
L,U,M,E,N
L,U,M,M,E
L,U,M,P,E
L,U,M,P,T
L,U,N,A,R
L,U,N,C,H
L,U,N,D,E
L,U,N,D,S
L,U,N,G,E
L,U,N,T,E
L,U,P,E,N
L,U,P,F,E
L,U,P,F,S
L,U,P,F,T
L,U,P,P,E
L,U,P,P,T
L,U,P,U,S
L,U,R,C,H
L,U,R,E,N
L,U,S,E,N
L,U,S,E,T
L,U,S,T,E
L,U,T,T,E
L,U,V,E,N
L,U,V,E,T
L,U,V,S,T
L,U,V,T,E
L,U,X,U,S
L,U,Z,I,D
L,Y,D,E,R
L,Y,N,C,H
L,Y,R,E,N
L,Y,R,I,K
L,Y,S,E,N
L,Y,S,I,N
L,Y,S,I,S
L,Y,S,S,A
M,A,A,R,E
M,A,A,R,S
M,A,A,T,E
M,A,A,T,S
M,A,C,H,E
M,A,C,H,O
M,A,C,H,S
M,A,C,H,T
M,A,C,K,E
M,A,D,A,M
M,A,D,E,N
M,A,D,I,G
M,A,F,I,A
M,A,G,E,N
M,A,G,E,R
M,A,G,I,E
M,A,G,M,A
M,A,G,N,A
M,A,G,R,E
M,A,G,S,T
M,A,H,D,I
M,A,H,L,E
M,A,H,L,S
M,A,H,L,T
M,A,H,N,E
M,A,H,N,T
M,A,H,R,E
M,A,H,R,S
M,A,I,E,N
M,A,I,E,S
M,A,I,L,E
M,A,I,L,S
M,A,I,L,T
M,A,I,R,E
M,A,I,S,E
M,A,I,S,S
M,A,I,T,E
M,A,J,O,R
M,A,J,O,S
M,A,K,A,K
M,A,K,A,O
M,A,K,E,L
M,A,K,I,S
M,A,K,L,E
M,A,K,O,S
M,A,K,R,O
M,A,L,A,D
M,A,L,E,N
M,A,L,E,R
M,A,L,E,S
M,A,L,E,T
M,A,L,L,E
M,A,L,L,S
M,A,L,L,T
M,A,L,M,E
M,A,L,M,S
M,A,L,M,T
M,A,L,R,E
M,A,L,S,T
M,A,L,T,E
M,A,L,U,S
M,A,L,V,E
M,A,L,Z,E
M,A,M,A,S
M,A,M,B,A
M,A,M,B,O
M,A,M,I,S
M,A,M,P,F
M,A,N,C,H
M,A,N,D,L
M,A,N,G,A
M,A,N,G,E
M,A,N,G,O
M,A,N,G,T
M,A,N,I,E
M,A,N,K,O
M,A,N,N,A
M,A,N,N,E
M,A,N,N,S
M,A,N,N,T
M,A,N,T,A
M,A,N,U,S
M,A,O,R,I
M,A,P,P,E
M,A,R,C,H
M,A,R,G,E
M,A,R,I,N
M,A,R,K,E
M,A,R,K,S
M,A,R,K,T
M,A,R,O,D
M,A,R,S,E
M,A,S,E,L
M,A,S,E,N
M,A,S,E,R
M,A,S,K,E
M,A,S,R,E
M,A,S,S,E
M,A,S,S,T
M,A,S,T,E
M,A,S,T,S
M,A,S,U,T
M,A,T,C,H
M,A,T,E,N
M,A,T,E,R
M,A,T,H,E
M,A,T,R,E
M,A,T,T,E
M,A,T,T,S
M,A,T,U,R
M,A,T,Z,E
M,A,U,E,M
M,A,U,E,N
M,A,U,E,R
M,A,U,E,S
M,A,U,K,E
M,A,U,L,E
M,A,U,L,S
M,A,U,L,T
M,A,U,N,Z
M,A,U,R,E
M,A,U,S,E
M,A,U,S,I
M,A,U,S,T
M,A,U,V,E
M,A,U,Z,E
M,A,U,Z,T
M,A,X,I,S
M,A,Y,A,S
M,A,Y,O,R
M,A,Y,O,S
M,A,Z,I,S
M,E,C,H,E
M,E,C,H,T
M,E,D,E,R
M,E,D,I,A
M,E,D,I,O
M,E,D,O,C
M,E,E,R,E
M,E,E,R,S
M,E,E,T,S
M,E,H,L,E
M,E,H,L,S
M,E,H,R,E
M,E,H,R,S
M,E,H,R,T
M,E,I,D,E
M,E,I,E,N
M,E,I,E,R
M,E,I,L,E
M,E,I,N,E
M,E,I,N,S
M,E,I,N,T
M,E,I,R,E
M,E,I,S,E
M,E,I,S,T
M,E,K,K,A
M,E,L,D,E
M,E,L,I,S
M,E,L,K,E
M,E,L,K,T
M,E,L,O,S
M,E,M,M,E
M,E,M,O,S
M,E,N,G,E
M,E,N,G,T
M,E,N,N,O
M,E,N,S,A
M,E,R,C,I
M,E,R,K,E
M,E,R,K,S
M,E,R,K,T
M,E,R,L,E
M,E,R,Z,E
M,E,R,Z,T
M,E,S,C,H
M,E,S,H,S
M,E,S,O,N
M,E,S,S,E
M,E,S,S,T
M,E,S,T,E
M,E,T,A,L
M,E,T,E,R
M,E,T,E,S
M,E,T,R,A
M,E,T,R,O
M,E,T,T,E
M,E,T,T,S
M,E,T,Z,E
M,E,T,Z,G
M,E,U,T,E
M,I,A,U,E
M,I,A,U,N
M,I,A,U,T
M,I,E,D,E
M,I,E,F,E
M,I,E,F,S
M,I,E,F,T
M,I,E,N,E
M,I,E,R,E
M,I,E,S,E
M,I,E,T,E
M,I,E,Z,E
M,I,K,O,S
M,I,K,R,O
M,I,K,W,E
M,I,L,A,K
M,I,L,A,N
M,I,L,B,E
M,I,L,C,H
M,I,L,D,E
M,I,L,I,Z
M,I,L,K,E
M,I,L,K,T
M,I,L,L,E
M,I,M,E,N
M,I,M,E,T
M,I,M,I,K
M,I,M,I,N
M,I,M,S,E
M,I,M,S,T
M,I,M,T,E
M,I,M,U,S
M,I,N,E,N
M,I,N,I,M
M,I,N,I,S
M,I,N,K,E
M,I,N,K,S
M,I,N,N,E
M,I,N,N,T
M,I,N,U,S
M,I,N,Z,E
M,I,R,Z,A
M,I,S,C,H
M,I,S,E,L
M,I,S,E,N
M,I,S,S,A
M,I,S,S,E
M,I,S,S,T
M,I,S,T,E
M,I,S,T,S
M,I,T,R,A
M,I,T,T,E
M,I,T,T,U
M,I,X,E,D
M,I,X,E,N
M,I,X,E,R
M,I,X,E,S
M,I,X,E,T
M,I,X,T,E
M,N,E,M,E
M,O,A,R,E
M,O,A,R,S
M,O,B,B,E
M,O,B,B,T
M,O,B,I,L
M,O,C,C,A
M,O,C,H,A
M,O,C,H,T
M,O,C,K,E
M,O,D,A,L
M,O,D,E,L
M,O,D,E,M
M,O,D,E,N
M,O,D,E,R
M,O,D,L,E
M,O,D,R,E
M,O,D,U,L
M,O,D,U,S
M,O,F,A,S
M,O,F,F,E
M,O,G,E,L
M,O,G,L,E
M,O,G,U,L
M,O,H,N,E
M,O,H,N,S
M,O,I,R,A
M,O,I,R,E
M,O,K,K,A
M,O,L,A,R
M,O,L,C,H
M,O,L,E,N
M,O,L,K,E
M,O,L,K,T
M,O,L,L,E
M,O,L,L,S
M,O,L,O,S
M,O,L,T,O
M,O,L,Y,S
M,O,N,A,T
M,O,N,D,E
M,O,N,D,S
M,O,N,O,M
M,O,N,O,S
M,O,O,R,E
M,O,O,R,S
M,O,O,S,E
M,O,P,E,D
M,O,P,P,E
M,O,P,P,S
M,O,P,P,T
M,O,P,S,E
M,O,P,S,T
M,O,R,A,L
M,O,R,B,I
M,O,R,D,E
M,O,R,D,S
M,O,R,E,N
M,O,R,E,S
M,O,R,I,A
M,O,R,O,S
M,O,R,P,H
M,O,R,S,E
M,O,R,S,T
M,O,S,C,H
M,O,S,E,L
M,O,S,E,R
M,O,S,E,S
M,O,S,R,E
M,O,S,S,O
M,O,S,T,E
M,O,S,T,S
M,O,T,E,L
M,O,T,I,V
M,O,T,O,R
M,O,T,O,S
M,O,T,T,E
M,O,T,T,O
M,O,T,Z,E
M,O,T,Z,T
M,O,V,E,S
M,O,V,I,E
M,O,X,E,N
M,O,X,E,T
M,O,X,T,E
M,U,C,K,E
M,U,C,K,S
M,U,C,K,T
M,U,D,I,R
M,U,F,F,E
M,U,F,F,S
M,U,F,F,T
M,U,F,T,I
M,U,G,E,L
M,U,G,G,E
M,U,H,E,N
M,U,H,E,T
M,U,H,M,E
M,U,H,S,T
M,U,H,T,E
M,U,L,C,H
M,U,L,D,E
M,U,L,I,S
M,U,L,L,E
M,U,L,L,S
M,U,L,M,E
M,U,L,M,S
M,U,L,M,T
M,U,L,T,I
M,U,M,I,E
M,U,M,M,E
M,U,M,M,S
M,U,M,M,T
M,U,M,P,S
M,U,N,D,E
M,U,N,D,S
M,U,N,G,O
M,U,N,I,S
M,U,R,E,N
M,U,R,E,T
M,U,R,I,G
M,U,R,K,S
M,U,R,R,E
M,U,R,R,T
M,U,R,S,T
M,U,R,T,E
M,U,S,E,N
M,U,S,E,S
M,U,S,E,T
M,U,S,I,K
M,U,S,S,E
M,U,S,S,T
M,U,S,T,E
M,U,T,E,N
M,U,T,E,R
M,U,T,E,S
M,U,T,E,T
M,U,T,I,G
M,U,T,T,I
M,U,T,Z,E
M,U,T,Z,T
M,U,Z,A,K
M,Y,O,M,E
M,Y,O,M,S
M,Y,O,N,S
M,Y,O,P,E
M,Y,R,T,E
M,Y,T,H,E
M,Y,Z,E,L
M,Y,Z,E,T
N,A,B,E,L
N,A,B,E,N
N,A,B,L,E
N,A,B,O,B
N,A,C,H,O
N,A,C,H,T
N,A,C,K,T
N,A,D,E,L
N,A,D,I,R
N,A,D,L,E
N,A,G,E,L
N,A,G,E,N
N,A,G,E,R
N,A,G,E,T
N,A,G,L,E
N,A,G,S,T
N,A,G,T,E
N,A,H,E,M
N,A,H,E,N
N,A,H,E,R
N,A,H,E,S
N,A,H,E,T
N,A,H,M,T
N,A,H,S,T
N,A,H,T,E
N,A,I,V,E
N,A,M,A,S
N,A,M,A,Z
N,A,M,E,N
N,A,N,D,U
N,A,N,N,T
N,A,N,N,Y
N,A,P,F,E
N,A,P,F,S
N,A,P,P,A
N,A,R,B,E
N,A,R,B,T
N,A,R,D,E
N,A,R,R,E
N,A,R,R,T
N,A,S,A,L
N,A,S,C,H
N,A,S,E,N
N,A,S,H,I
N,A,S,S,E
N,A,T,E,L
N,A,T,I,V
N,A,T,T,E
N,A,T,U,R
N,A,U,E,N
N,A,V,E,L
N,A,V,I,S
N,A,Z,I,S
N,E,B,E,L
N,E,B,E,N
N,E,B,L,E
N,E,B,S,T
N,E,C,K,E
N,E,C,K,T
N,E,F,F,E
N,E,G,E,R
N,E,G,U,S
N,E,H,M,E
N,E,H,M,T
N,E,I,D,E
N,E,I,D,S
N,E,I,G,E
N,E,I,G,T
N,E,I,N,S
N,E,L,K,E
N,E,L,L,S
N,E,N,N,E
N,E,N,N,T
N,E,N,Z,E
N,E,O,N,S
N,E,P,E,R
N,E,P,P,E
N,E,P,P,S
N,E,P,P,T
N,E,R,D,S
N,E,R,V,E
N,E,R,V,S
N,E,R,V,T
N,E,R,Z,E
N,E,S,T,E
N,E,S,T,S
N,E,T,T,E
N,E,T,T,O
N,E,T,Z,E
N,E,T,Z,T
N,E,U,E,M
N,E,U,E,N
N,E,U,E,R
N,E,U,E,S
N,E,U,M,E
N,E,U,N,E
N,E,U,N,T
N,E,U,R,E
N,E,X,U,S
N,I,B,E,L
N,I,B,L,E
N,I,C,H,T
N,I,C,K,E
N,I,C,K,I
N,I,C,K,S
N,I,C,K,T
N,I,C,O,L
N,I,D,E,L
N,I,D,L,E
N,I,E,R,E
N,I,E,S,E
N,I,E,S,T
N,I,E,T,E
N,I,E,T,S
N,I,G,E,L
N,I,K,A,B
N,I,K,O,L
N,I,M,M,T
N,I,N,J,A
N,I,O,B,S
N,I,P,F,E
N,I,P,F,S
N,I,P,P,E
N,I,P,P,T
N,I,S,S,E
N,I,S,T,E
N,I,X,E,N
N,I,X,E,S
N,O,B,E,L
N,O,B,L,E
N,O,C,K,E
N,O,C,K,S
N,O,M,E,N
N,O,N,E,N
N,O,N,N,E
N,O,O,R,E
N,O,O,R,S
N,O,P,P,E
N,O,P,P,T
N,O,R,D,E
N,O,R,D,S
N,O,R,M,E
N,O,R,M,T
N,O,R,N,E
N,O,T,A,R
N,O,T,A,S
N,O,T,A,T
N,O,T,E,N
N,O,T,I,Z
N,O,T,T,U
N,O,V,E,N
N,O,V,U,M
N,O,X,E,N
N,O,X,I,N
N,U,B,A,S
N,U,B,U,K
N,U,C,K,E
N,U,D,E,L
N,U,D,L,E
N,U,G,A,T
N,U,G,G,I
N,U,L,L,E
N,U,L,L,S
N,U,L,L,T
N,U,L,P,E
N,U,R,S,E
N,U,T,E,N
N,U,T,E,T
N,U,T,T,E
N,U,T,Z,E
N,U,T,Z,T
N,Y,L,O,N
O,A,S,E,N
O,B,E,R,E
O,B,E,R,M
O,B,E,R,N
O,B,E,R,S
O,B,H,U,T
O,B,I,G,E
O,B,L,A,G
O,B,O,E,N
O,B,S,T,E
O,B,S,T,S
O,C,H,S,E
O,C,H,S,T
O,C,K,E,R
O,D,A,L,E
O,D,A,L,S
O,D,E,E,N
O,D,E,L,S
O,D,E,M,S
O,D,E,O,N
O,D,E,U,M
O,D,E,U,R
O,D,I,O,S
O,D,I,U,M
O,F,E,N,S
O,F,F,E,N
O,F,F,N,E
O,G,E,R,N
O,G,E,R,S
O,H,E,I,M
O,H,M,E,N
O,H,M,E,S
O,H,R,E,N
O,H,R,E,S
O,K,A,P,I
O,K,A,Y,E
O,K,A,Y,S
O,K,R,A,S
O,K,T,A,V
O,K,U,L,I
O,L,D,I,E
O,L,E,A,T
O,L,E,D,S
O,L,E,I,N
O,L,E,U,M
O,L,I,M,S
O,L,I,V,E
O,L,I,V,S
O,L,L,E,M
O,L,L,E,N
O,L,L,E,R
O,L,L,E,S
O,L,M,E,N
O,L,M,E,S
O,L,Y,M,P
O,M,A,M,A
O,M,E,G,A
O,M,E,N,S
O,M,I,N,A
O,N,D,I,T
O,N,K,E,L
O,N,Y,X,E
O,P,A,K,E
O,P,A,L,E
O,P,A,L,S
O,P,A,P,A
O,P,E,R,A
O,P,E,R,N
O,P,F,E,R
O,P,F,R,E
O,P,H,I,T
O,P,I,A,T
O,P,I,U,M
O,P,T,I,K
O,R,A,L,E
O,R,B,I,T
O,R,C,A,S
O,R,D,A,L
O,R,D,E,N
O,R,D,E,R
O,R,D,N,E
O,R,D,R,E
O,R,F,E,N
O,R,G,A,N
O,R,G,E,L
O,R,G,I,E
O,R,G,L,E
O,R,K,A,N
O,R,K,U,S
O,R,N,A,T
O,R,N,I,S
O,R,T,E,N
O,R,T,E,R
O,R,T,E,S
O,R,T,E,T
O,S,C,A,R
O,S,C,H,I
O,S,E,R,N
O,S,K,E,R
O,S,S,I,S
O,S,T,E,N
O,S,T,E,S
O,S,T,E,T
O,T,T,E,R
O,U,T,E,N
O,U,T,E,T
O,U,Z,O,S
O,V,A,L,E
O,V,A,L,S
O,V,A,R,E
O,V,A,R,S
O,V,O,I,D
O,X,E,R,N
O,X,E,R,S
O,X,I,D,E
O,X,I,D,S
O,X,Y,D,E
O,X,Y,D,S
O,Z,E,A,N
O,Z,O,N,S
P,A,A,R,E
P,A,A,R,S
P,A,A,R,T
P,A,C,H,T
P,A,C,K,E
P,A,C,K,S
P,A,C,K,T
P,A,D,D,Y
P,A,D,R,E
P,A,D,R,I
P,A,F,F,E
P,A,F,F,T
P,A,G,A,T
P,A,G,E,N
P,A,G,E,R
P,A,I,R,S
P,A,K,E,T
P,A,K,O,S
P,A,K,T,E
P,A,K,T,S
P,A,L,A,S
P,A,L,E,N
P,A,L,E,T
P,A,L,I,S
P,A,L,M,E
P,A,L,M,S
P,A,L,P,E
P,A,L,S,T
P,A,L,T,E
P,A,M,P,A
P,A,M,P,E
P,A,M,P,F
P,A,M,P,S
P,A,N,D,A
P,A,N,E,L
P,A,N,I,K
P,A,N,J,E
P,A,N,N,E
P,A,N,T,Y
P,A,P,A,L
P,A,P,A,S
P,A,P,A,T
P,A,P,E,R
P,A,P,I,S
P,A,P,P,E
P,A,P,P,S
P,A,P,P,T
P,A,P,S,E
P,A,P,S,T
P,A,P,U,A
P,A,R,A,S
P,A,R,A,T
P,A,R,E,O
P,A,R,I,A
P,A,R,K,A
P,A,R,K,E
P,A,R,K,S
P,A,R,K,T
P,A,R,S,E
P,A,R,S,T
P,A,R,T,E
P,A,R,T,S
P,A,R,T,Y
P,A,R,Z,E
P,A,S,C,H
P,A,S,S,A
P,A,S,S,E
P,A,S,S,T
P,A,S,T,A
P,A,S,T,E
P,A,T,C,H
P,A,T,E,N
P,A,T,E,R
P,A,T,I,N
P,A,T,I,O
P,A,T,T,E
P,A,T,T,S
P,A,T,Z,E
P,A,T,Z,T
P,A,U,K,E
P,A,U,K,T
P,A,U,S,E
P,A,U,S,T
P,E,C,H,E
P,E,C,H,S
P,E,C,K,E
P,E,C,K,T
P,E,D,A,L
P,E,E,R,S
P,E,G,E,L
P,E,G,L,E
P,E,I,E,S
P,E,I,L,E
P,E,I,L,T
P,E,L,L,E
P,E,L,L,T
P,E,L,Z,E
P,E,L,Z,T
P,E,N,C,E
P,E,N,E,S
P,E,N,I,S
P,E,N,N,E
P,E,N,N,I
P,E,N,N,T
P,E,N,N,Y
P,E,N,S,A
P,E,P,P,E
P,E,P,P,T
P,E,R,D,U
P,E,R,I,S
P,E,R,L,E
P,E,R,L,S
P,E,R,L,T
P,E,R,M,S
P,E,R,S,O
P,E,S,E,L
P,E,S,E,N
P,E,S,E,T
P,E,S,O,S
P,E,S,T,E
P,E,S,T,O
P,E,T,I,T
P,E,T,T,O
P,E,T,Z,E
P,E,T,Z,T
P,F,A,D,E
P,F,A,D,I
P,F,A,D,S
P,F,A,H,L
P,F,A,L,Z
P,F,A,N,D
P,F,A,R,R
P,F,A,U,E
P,F,A,U,S
P,F,E,I,F
P,F,E,I,L
P,F,E,L,Z
P,F,E,R,D
P,F,E,T,Z
P,F,I,A,T
P,F,I,F,F
P,F,L,E,G
P,F,L,O,G
P,F,L,U,G
P,F,O,T,E
P,F,U,H,L
P,F,U,I,S
P,F,U,N,D
P,H,A,G,E
P,H,A,R,O
P,H,A,S,E
P,H,A,T,T
P,H,L,O,X
P,H,O,N,S
P,H,O,T,O
P,H,O,T,S
P,H,Y,L,A
P,H,Y,L,E
P,I,A,N,I
P,I,A,N,O
P,I,A,S,T
P,I,C,H,E
P,I,C,H,T
P,I,C,K,E
P,I,C,K,S
P,I,C,K,T
P,I,C,O,T
P,I,D,E,S
P,I,E,C,E
P,I,E,N,S
P,I,E,N,Z
P,I,E,P,E
P,I,E,P,S
P,I,E,P,T
P,I,E,R,E
P,I,E,R,S
P,I,E,T,A
P,I,K,E,E
P,I,K,E,N
P,I,K,E,T
P,I,K,S,E
P,I,K,S,T
P,I,K,T,E
P,I,K,U,L
P,I,L,A,R
P,I,L,A,U
P,I,L,A,W
P,I,L,K,E
P,I,L,K,T
P,I,L,L,E
P,I,L,O,T
P,I,L,Z,E
P,I,M,P,E
P,I,M,P,F
P,I,M,P,T
P,I,N,G,E
P,I,N,I,E
P,I,N,K,E
P,I,N,K,S
P,I,N,K,T
P,I,N,N,E
P,I,N,N,T
P,I,N,O,T
P,I,N,T,E
P,I,N,T,S
P,I,P,E,N
P,I,P,E,S
P,I,P,I,S
P,I,P,P,E
P,I,P,S,E
P,I,Q,U,E
P,I,R,A,T
P,I,R,O,L
P,I,S,S,E
P,I,S,S,T
P,I,S,T,E
P,I,T,A,S
P,I,T,T,A
P,I,V,O,T
P,I,X,E,L
P,I,Z,E,N
P,I,Z,E,S
P,I,Z,Z,A
P,I,Z,Z,E
P,L,A,C,K
P,L,A,G,E
P,L,A,G,T
P,L,A,I,D
P,L,A,N,E
P,L,A,N,O
P,L,A,N,S
P,L,A,N,T
P,L,A,S,T
P,L,A,T,T
P,L,A,T,Z
P,L,A,U,Z
P,L,E,B,S
P,L,I,E,R
P,L,I,N,S
P,L,O,P,P
P,L,O,T,S
P,L,U,M,P
P,N,E,U,S
P,O,C,H,E
P,O,C,H,S
P,O,C,H,T
P,O,C,K,E
P,O,D,E,X
P,O,E,M,E
P,O,E,M,S
P,O,F,E,L
P,O,F,E,N
P,O,F,E,T
P,O,F,S,T
P,O,F,T,E
P,O,G,O,S
P,O,I,L,U
P,O,I,N,T
P,O,K,A,L
P,O,K,E,R
P,O,K,R,E
P,O,L,A,R
P,O,L,E,I
P,O,L,E,N
P,O,L,E,T
P,O,L,I,N
P,O,L,I,O
P,O,L,I,S
P,O,L,K,A
P,O,L,K,E
P,O,L,K,T
P,O,L,O,S
P,O,L,S,T
P,O,L,T,E
P,O,L,Y,P
P,O,M,P,S
P,O,N,D,S
P,O,N,T,E
P,O,N,Y,S
P,O,O,L,S
P,O,P,E,L
P,O,P,E,N
P,O,P,L,E
P,O,P,O,S
P,O,P,P,E
P,O,P,P,T
P,O,R,E,N
P,O,R,I,G
P,O,R,N,O
P,O,R,S,T
P,O,R,T,E
P,O,R,T,I
P,O,R,T,O
P,O,R,T,S
P,O,S,E,N
P,O,S,E,R
P,O,S,E,T
P,O,S,S,E
P,O,S,T,E
P,O,S,T,O
P,O,T,T,E
P,O,T,T,S
P,O,U,L,E
P,O,W,E,R
P,O,W,R,E
P,R,A,C,K
P,R,A,H,L
P,R,A,H,M
P,R,A,L,L
P,R,A,N,G
P,R,A,N,Z
P,R,A,S,S
P,R,A,U,E
P,R,E,I,E
P,R,E,I,N
P,R,E,I,S
P,R,E,I,T
P,R,E,L,L
P,R,E,S,S
P,R,I,C,K
P,R,I,E,L
P,R,I,E,M
P,R,I,E,S
P,R,I,M,A
P,R,I,M,E
P,R,I,M,I
P,R,I,N,T
P,R,I,N,Z
P,R,I,O,N
P,R,I,O,R
P,R,I,S,E
P,R,O,B,E
P,R,O,B,T
P,R,O,F,I
P,R,O,F,S
P,R,O,L,L
P,R,O,L,O
P,R,O,M,I
P,R,O,O,F
P,R,O,S,A
P,R,O,S,T
P,R,O,T,Z
P,R,O,V,O
P,R,U,N,K
P,R,U,S,T
P,S,A,L,M
P,S,C,H,T
P,U,C,K,S
P,U,D,E,L
P,U,D,E,R
P,U,D,L,E
P,U,D,R,E
P,U,F,F,E
P,U,F,F,S
P,U,F,F,T
P,U,L,E,N
P,U,L,E,T
P,U,L,K,E
P,U,L,K,S
P,U,L,L,E
P,U,L,L,I
P,U,L,L,T
P,U,L,P,A
P,U,L,P,E
P,U,L,P,S
P,U,L,S,E
P,U,L,S,T
P,U,L,T,E
P,U,L,T,S
P,U,M,A,S
P,U,M,P,E
P,U,M,P,S
P,U,M,P,T
P,U,N,C,H
P,U,N,K,S
P,U,N,K,T
P,U,N,Z,E
P,U,N,Z,T
P,U,P,E,N
P,U,P,E,S
P,U,P,E,T
P,U,P,P,E
P,U,P,P,T
P,U,P,S,E
P,U,P,S,T
P,U,P,T,E
P,U,R,E,M
P,U,R,E,N
P,U,R,E,R
P,U,R,E,S
P,U,R,I,M
P,U,R,I,N
P,U,R,R,E
P,U,R,R,T
P,U,S,C,H
P,U,S,H,E
P,U,S,H,T
P,U,S,T,E
P,U,T,E,N
P,U,T,E,R
P,U,T,T,E
P,U,T,T,I
P,U,T,T,O
P,U,T,T,S
P,U,T,Z,E
P,U,T,Z,T
P,Y,L,O,N
P,Y,R,I,T
P,Y,X,I,S
Q,U,A,D,E
Q,U,A,D,S
Q,U,A,I,S
Q,U,A,K,E
Q,U,A,K,T
Q,U,A,L,I
Q,U,A,L,L
Q,U,A,L,M
Q,U,A,N,T
Q,U,A,R,K
Q,U,A,R,R
Q,U,A,R,T
Q,U,A,R,Z
Q,U,A,S,E
Q,U,A,S,I
Q,U,A,S,T
Q,U,E,C,K
Q,U,E,E,N
Q,U,E,L,L
Q,U,E,N,T
Q,U,E,R,E
Q,U,E,R,T
Q,U,E,R,Y
Q,U,E,S,E
Q,U,E,S,T
Q,U,E,U,E
Q,U,I,C,K
Q,U,I,E,K
Q,U,I,E,N
Q,U,I,L,L
Q,U,I,L,T
Q,U,I,N,T
Q,U,I,P,U
Q,U,I,R,L
Q,U,I,T,T
Q,U,I,Z,Z
Q,U,O,L,L
Q,U,O,R,R
Q,U,O,T,E
R,A,B,A,U
R,A,B,B,I
R,A,B,E,N
R,A,C,H,E
R,A,C,K,E
R,A,C,K,S
R,A,D,A,R
R,A,D,A,U
R,A,D,E,L
R,A,D,E,N
R,A,D,E,S
R,A,D,I,O
R,A,D,I,S
R,A,D,I,X
R,A,D,L,E
R,A,D,L,N
R,A,D,L,S
R,A,D,O,M
R,A,D,O,N
R,A,F,F,E
R,A,F,F,T
R,A,F,T,E
R,A,F,T,S
R,A,G,E,N
R,A,G,E,T
R,A,G,S,T
R,A,G,T,E
R,A,H,E,N
R,A,H,M,E
R,A,H,M,S
R,A,H,M,T
R,A,H,N,E
R,A,I,D,S
R,A,I,N,E
R,A,I,N,S
R,A,I,N,T
R,A,J,O,L
R,A,K,E,L
R,A,K,E,N
R,A,K,I,S
R,A,L,L,E
R,A,L,L,Y
R,A,M,B,O
R,A,M,I,E
R,A,M,M,E
R,A,M,M,S
R,A,M,M,T
R,A,M,P,E
R,A,N,C,H
R,A,N,D,E
R,A,N,D,S
R,A,N,F,T
R,A,N,G,E
R,A,N,G,S
R,A,N,G,T
R,A,N,K,E
R,A,N,K,S
R,A,N,K,T
R,A,N,N,T
R,A,N,Z,E
R,A,N,Z,T
R,A,P,I,D
R,A,P,P,E
R,A,P,P,S
R,A,P,P,T
R,A,P,S,E
R,A,P,S,T
R,A,R,E,M
R,A,R,E,N
R,A,R,E,R
R,A,R,E,S
R,A,S,C,H
R,A,S,E,N
R,A,S,E,R
R,A,S,E,T
R,A,S,I,G
R,A,S,P,A
R,A,S,S,E
R,A,S,T,A
R,A,S,T,E
R,A,S,U,R
R,A,T,E,N
R,A,T,E,R
R,A,T,E,S
R,A,T,E,T
R,A,T,I,O
R,A,T,T,E
R,A,T,Z,E
R,A,T,Z,T
R,A,U,B,E
R,A,U,B,S
R,A,U,B,T
R,A,U,C,H
R,A,U,E,M
R,A,U,E,N
R,A,U,E,R
R,A,U,E,S
R,A,U,E,T
R,A,U,F,E
R,A,U,F,T
R,A,U,H,E
R,A,U,K,E
R,A,U,M,E
R,A,U,M,S
R,A,U,N,E
R,A,U,N,T
R,A,U,N,Z
R,A,U,P,E
R,A,U,P,T
R,A,U,S,T
R,A,U,T,E
R,A,V,E,N
R,A,V,E,R
R,A,V,E,S
R,A,V,E,T
R,A,V,S,T
R,A,V,T,E
R,A,Y,E,S
R,A,Y,O,N
R,E,A,I,S
R,E,A,L,A
R,E,A,L,E
R,E,A,L,O
R,E,A,L,S
R,E,B,E,L
R,E,B,E,N
R,E,B,L,E
R,E,B,U,S
R,E,C,H,E
R,E,C,H,T
R,E,C,K,E
R,E,C,K,S
R,E,C,K,T
R,E,C,T,E
R,E,C,T,O
R,E,D,E,N
R,E,D,E,T
R,E,E,D,E
R,E,E,L,L
R,E,E,P,E
R,E,E,P,S
R,E,E,T,S
R,E,F,F,E
R,E,F,F,S
R,E,F,F,T
R,E,F,U,S
R,E,G,A,L
R,E,G,E,L
R,E,G,E,M
R,E,G,E,N
R,E,G,E,R
R,E,G,E,S
R,E,G,E,T
R,E,G,I,E
R,E,G,L,E
R,E,G,N,E
R,E,G,S,T
R,E,G,T,E
R,E,H,A,S
R,E,H,E,N
R,E,H,E,S
R,E,I,B,E
R,E,I,B,T
R,E,I,C,H
R,E,I,F,E
R,E,I,F,S
R,E,I,F,T
R,E,I,H,E
R,E,I,H,N
R,E,I,H,T
R,E,I,K,I
R,E,I,M,E
R,E,I,M,S
R,E,I,M,T
R,E,I,N,E
R,E,I,S,E
R,E,I,S,S
R,E,I,S,T
R,E,I,T,E
R,E,I,Z,E
R,E,I,Z,T
R,E,K,E,L
R,E,K,L,E
R,E,K,T,A
R,E,K,T,O
R,E,L,A,X
R,E,M,I,S
R,E,M,I,X
R,E,N,E,N
R,E,N,E,S
R,E,N,K,E
R,E,N,K,T
R,E,N,N,E
R,E,N,N,T
R,E,N,T,E
R,E,P,R,O
R,E,P,S,E
R,E,S,C,H
R,E,S,T,E
R,E,S,T,S
R,E,T,R,O
R,E,T,T,E
R,E,U,E,N
R,E,U,I,G
R,E,U,S,E
R,E,U,T,E
R,E,V,U,E
R,E,X,E,N
R,E,X,E,T
R,E,X,T,E
R,E,Y,O,N
R,I,A,L,S
R,I,C,H,T
R,I,C,K,E
R,I,C,K,S
R,I,E,B,E
R,I,E,B,T
R,I,E,C,H
R,I,E,D,E
R,I,E,D,S
R,I,E,F,E
R,I,E,F,T
R,I,E,G,E
R,I,E,H,E
R,I,E,H,N
R,I,E,H,T
R,I,E,S,E
R,I,E,S,T
R,I,E,T,E
R,I,E,T,S
R,I,F,F,E
R,I,F,F,S
R,I,G,G,E
R,I,G,G,S
R,I,G,G,T
R,I,G,I,D
R,I,G,O,L
R,I,L,L,E
R,I,L,L,T
R,I,N,D,E
R,I,N,D,S
R,I,N,G,E
R,I,N,G,S
R,I,N,G,T
R,I,N,K,E
R,I,N,N,E
R,I,N,N,T
R,I,O,J,A
R,I,P,P,E
R,I,P,P,T
R,I,P,S,E
R,I,S,P,E
R,I,S,S,E
R,I,S,S,T
R,I,S,T,E
R,I,S,T,S
R,I,T,E,N
R,I,T,T,E
R,I,T,T,S
R,I,T,U,S
R,I,T,Z,E
R,I,T,Z,T
R,I,Y,A,L
R,O,B,B,E
R,O,B,B,T
R,O,B,E,N
R,O,B,O,T
R,O,C,H,T
R,O,C,K,E
R,O,C,K,S
R,O,C,K,T
R,O,D,E,L
R,O,D,E,N
R,O,D,E,O
R,O,D,E,R
R,O,D,E,T
R,O,D,L,E
R,O,G,E,N
R,O,G,E,R
R,O,H,E,M
R,O,H,E,N
R,O,H,E,R
R,O,H,E,S
R,O,H,R,E
R,O,H,R,S
R,O,I,E,N
R,O,I,E,T
R,O,I,S,T
R,O,I,T,E
R,O,J,E,N
R,O,J,E,T
R,O,L,L,E
R,O,L,L,I
R,O,L,L,O
R,O,L,L,T
R,O,M,A,N
R,O,M,M,E
R,O,M,N,I
R,O,N,D,E
R,O,N,D,O
R,O,S,A,E
R,O,S,A,S
R,O,S,E,N
R,O,S,E,S
R,O,S,I,G
R,O,S,S,E
R,O,S,S,T
R,O,S,T,E
R,O,S,T,S
R,O,T,E,M
R,O,T,E,N
R,O,T,E,R
R,O,T,E,S
R,O,T,O,R
R,O,T,T,E
R,O,T,Z,E
R,O,T,Z,T
R,O,U,E,S
R,O,U,G,E
R,O,U,T,E
R,O,W,D,Y
R,O,Y,A,L
R,U,B,E,L
R,U,B,I,N
R,U,B,R,A
R,U,C,H,E
R,U,C,H,S
R,U,C,K,E
R,U,C,K,S
R,U,C,K,T
R,U,D,E,L
R,U,D,E,R
R,U,D,R,E
R,U,F,E,N
R,U,F,E,R
R,U,F,E,S
R,U,F,E,T
R,U,F,S,T
R,U,G,B,Y
R,U,G,E,L
R,U,H,E,N
R,U,H,E,T
R,U,H,I,G
R,U,H,M,E
R,U,H,M,S
R,U,H,S,T
R,U,H,T,E
R,U,I,N,E
R,U,I,N,S
R,U,M,B,A
R,U,M,E,N
R,U,M,M,Y
R,U,M,O,R
R,U,M,P,F
R,U,M,S,E
R,U,M,S,T
R,U,N,D,A
R,U,N,D,E
R,U,N,D,S
R,U,N,E,N
R,U,N,G,E
R,U,N,K,S
R,U,N,S,E
R,U,P,F,E
R,U,P,F,T
R,U,P,I,E
R,U,R,A,L
R,U,S,C,H
R,U,S,S,E
R,U,S,S,T
R,U,T,E,N
R,U,T,I,L
R,U,T,I,N
R,U,T,T,E
R,U,W,E,R
S,A,A,L,E
S,A,A,L,S
S,A,B,O,T
S,A,B,R,A
S,A,B,R,E
S,A,C,H,E
S,A,C,H,S
S,A,C,H,T
S,A,C,K,E
S,A,C,K,S
S,A,C,K,T
S,A,D,H,U
S,A,F,E,S
S,A,F,T,E
S,A,F,T,S
S,A,G,A,S
S,A,G,E,N
S,A,G,E,R
S,A,G,E,T
S,A,G,O,S
S,A,G,S,T
S,A,G,T,E
S,A,H,E,N
S,A,H,I,B
S,A,H,N,E
S,A,H,N,T
S,A,H,S,T
S,A,I,T,E
S,A,K,K,O
S,A,K,R,A
S,A,L,A,M
S,A,L,A,T
S,A,L,B,E
S,A,L,B,T
S,A,L,D,I
S,A,L,D,O
S,A,L,E,M
S,A,L,E,P
S,A,L,M,E
S,A,L,M,S
S,A,L,O,N
S,A,L,P,E
S,A,L,S,A
S,A,L,S,E
S,A,L,T,A
S,A,L,T,I
S,A,L,T,O
S,A,L,U,T
S,A,L,V,E
S,A,L,Z,E
S,A,L,Z,T
S,A,M,B,A
S,A,M,E,N
S,A,M,E,T
S,A,M,O,S
S,A,M,S,T
S,A,M,T,E
S,A,M,T,S
S,A,M,U,M
S,A,N,D,E
S,A,N,D,S
S,A,N,D,T
S,A,N,F,T
S,A,N,G,E
S,A,N,G,S
S,A,N,G,T
S,A,N,I,S
S,A,N,K,A
S,A,N,K,T
S,A,N,N,T
S,A,P,I,N
S,A,P,P,E
S,A,R,D,E
S,A,R,G,E
S,A,R,G,S
S,A,R,G,T
S,A,R,I,S
S,A,S,S,E
S,A,S,S,T
S,A,T,A,N
S,A,T,I,N
S,A,T,T,E
S,A,T,Y,R
S,A,T,Z,E
S,A,U,C,E
S,A,U,D,I
S,A,U,E,N
S,A,U,E,R
S,A,U,E,T
S,A,U,F,E
S,A,U,F,T
S,A,U,G,E
S,A,U,G,T
S,A,U,M,E
S,A,U,M,S
S,A,U,N,A
S,A,U,N,E
S,A,U,N,T
S,A,U,R,E
S,A,U,S,E
S,A,U,S,T
S,A,U,T,E
S,A,X,E,N
S,A,X,E,S
S,C,A,N,N
S,C,A,N,S
S,C,A,R,T
S,C,A,T,S
S,C,A,T,T
S,C,E,N,E
S,C,H,A,B
S,C,H,A,D
S,C,H,A,F
S,C,H,A,H
S,C,H,A,L
S,C,H,A,M
S,C,H,A,R
S,C,H,A,U
S,C,H,E,R
S,C,H,E,S
S,C,H,E,U
S,C,H,I,S
S,C,H,M,U
S,C,H,O,B
S,C,H,O,F
S,C,H,O,N
S,C,H,O,R
S,C,H,O,T
S,C,H,U,B
S,C,H,U,F
S,C,H,U,H
S,C,H,U,L
S,C,H,U,R
S,C,O,O,P
S,C,O,R,E
S,C,O,R,T
S,C,O,U,T
S,C,R,I,P
S,C,U,D,I
S,C,U,D,O
S,E,A,L,S
S,E,C,H,E
S,E,C,H,S
S,E,D,E,Z
S,E,D,U,M
S,E,E,L,E
S,E,G,E,L
S,E,G,E,N
S,E,G,G,E
S,E,G,L,E
S,E,G,N,E
S,E,H,E,N
S,E,H,E,R
S,E,H,E,T
S,E,H,N,E
S,E,H,N,T
S,E,H,R,E
S,E,H,R,T
S,E,I,C,H
S,E,I,D,E
S,E,I,E,N
S,E,I,E,T
S,E,I,F,E
S,E,I,F,T
S,E,I,G,E
S,E,I,H,E
S,E,I,H,N
S,E,I,H,T
S,E,I,L,E
S,E,I,L,S
S,E,I,L,T
S,E,I,M,E
S,E,I,M,S
S,E,I,N,E
S,E,I,N,S
S,E,I,S,T
S,E,I,T,E
S,E,J,M,S
S,E,K,E,L
S,E,K,T,E
S,E,K,T,S
S,E,L,A,M
S,E,L,A,S
S,E,L,B,E
S,E,L,C,H
S,E,L,E,N
S,E,L,I,G
S,E,M,E,N
S,E,M,I,T
S,E,N,A,T
S,E,N,D,E
S,E,N,D,S
S,E,N,F,E
S,E,N,F,S
S,E,N,G,E
S,E,N,G,T
S,E,N,I,L
S,E,N,K,E
S,E,N,K,T
S,E,N,N,A
S,E,N,N,E
S,E,N,N,S
S,E,N,N,T
S,E,N,O,N
S,E,N,O,R
S,E,N,S,E
S,E,N,S,T
S,E,P,I,A
S,E,P,I,E
S,E,P,T,A
S,E,R,A,C
S,E,R,B,E
S,E,R,E,N
S,E,R,G,E
S,E,R,I,E
S,E,R,U,M
S,E,S,A,M
S,E,S,E,L
S,E,T,U,P
S,E,T,Z,E
S,E,T,Z,T
S,E,U,F,Z
S,E,X,E,S
S,E,X,T,A
S,E,X,T,E
S,E,X,U,S
S,H,A,G,S
S,H,A,K,E
S,H,A,R,E
S,H,I,R,T
S,H,I,T,S
S,H,O,A,H
S,H,O,P,P
S,H,O,P,S
S,H,O,W,S
S,H,U,N,T
S,I,A,L,S
S,I,C,H,T
S,I,C,K,E
S,I,C,K,T
S,I,E,B,E
S,I,E,B,S
S,I,E,B,T
S,I,E,C,H
S,I,E,D,E
S,I,E,G,E
S,I,E,G,S
S,I,E,G,T
S,I,E,H,E
S,I,E,H,T
S,I,E,K,E
S,I,E,L,E
S,I,E,L,S
S,I,E,L,T
S,I,E,N,A
S,I,E,Z,E
S,I,E,Z,T
S,I,F,F,S
S,I,G,E,L
S,I,G,L,E
S,I,G,M,A
S,I,G,N,A
S,I,K,H,S
S,I,L,A,N
S,I,L,B,E
S,I,L,D,E
S,I,L,D,S
S,I,L,E,N
S,I,L,G,E
S,I,L,O,S
S,I,L,U,R
S,I,M,A,S
S,I,M,E,N
S,I,M,S,E
S,I,M,S,T
S,I,N,A,U
S,I,N,G,E
S,I,N,G,T
S,I,N,K,E
S,I,N,K,T
S,I,N,N,E
S,I,N,N,S
S,I,N,N,T
S,I,N,T,I
S,I,N,T,O
S,I,N,U,S
S,I,O,U,X
S,I,P,H,O
S,I,P,P,E
S,I,R,R,E
S,I,R,R,T
S,I,R,U,P
S,I,S,A,L
S,I,T,A,R
S,I,T,E,S
S,I,T,I,N
S,I,T,T,E
S,I,T,U,S
S,I,T,Z,E
S,I,T,Z,T
S,K,A,L,A
S,K,A,L,E
S,K,A,L,P
S,K,A,R,N
S,K,A,T,E
S,K,A,T,S
S,K,I,E,R
S,K,I,F,F
S,K,I,N,K
S,K,I,N,S
S,K,I,P,S
S,K,O,P,S
S,K,O,R,E
S,K,O,R,T
S,K,O,T,E
S,K,R,E,I
S,K,U,L,L
S,K,U,N,K
S,K,Y,P,E
S,K,Y,P,T
S,L,A,M,M
S,L,A,N,G
S,L,A,S,H
S,L,A,W,E
S,L,I,C,E
S,L,I,C,K
S,L,I,P,S
S,L,O,O,P
S,L,O,T,S
S,L,U,M,S
S,L,U,P,S
S,M,A,L,L
S,M,A,R,T
S,M,A,S,H
S,M,O,G,S
S,M,O,K,E
S,M,O,K,T
S,N,A,C,K
S,N,I,F,F
S,N,O,B,S
S,O,A,P,S
S,O,A,V,E
S,O,C,K,E
S,O,D,A,S
S,O,D,E,N
S,O,D,E,S
S,O,F,A,S
S,O,F,F,T
S,O,F,T,E
S,O,G,A,R
S,O,G,E,N
S,O,G,E,S
S,O,G,G,E
S,O,G,G,T
S,O,G,S,T
S,O,H,L,E
S,O,H,L,T
S,O,H,N,E
S,O,H,N,S
S,O,H,R,E
S,O,H,R,S
S,O,J,A,S
S,O,J,E,N
S,O,J,U,S
S,O,L,A,R
S,O,L,C,H
S,O,L,D,E
S,O,L,D,I
S,O,L,D,O
S,O,L,D,S
S,O,L,E,I
S,O,L,E,N
S,O,L,I,D
S,O,L,I,S
S,O,L,L,E
S,O,L,L,S
S,O,L,L,T
S,O,L,O,S
S,O,M,A,S
S,O,M,I,T
S,O,N,A,R
S,O,N,D,E
S,O,N,G,S
S,O,N,N,E
S,O,N,N,T
S,O,N,O,R
S,O,N,S,T
S,O,O,F,T
S,O,O,R,E
S,O,O,R,S
S,O,P,O,R
S,O,R,B,E
S,O,R,E,N
S,O,R,G,E
S,O,R,G,T
S,O,R,R,Y
S,O,R,T,E
S,O,S,S,E
S,O,S,S,T
S,O,T,E,R
S,O,T,T,E
S,O,T,T,S
S,O,U,L,S
S,O,U,N,D
S,O,W,A,S
S,O,W,I,E
S,O,Z,E,N
S,O,Z,I,A
S,O,Z,I,I
S,O,Z,I,S
S,P,A,C,K
S,P,A,E,R
S,P,A,H,I
S,P,A,K,E
S,P,A,L,T
S,P,A,M,M
S,P,A,M,S
S,P,A,N,E
S,P,A,N,N
S,P,A,N,S
S,P,A,N,T
S,P,A,R,E
S,P,A,R,K
S,P,A,R,R
S,P,A,R,T
S,P,A,S,S
S,P,A,T,E
S,P,A,T,S
S,P,A,T,Z
S,P,E,C,K
S,P,E,E,D
S,P,E,E,R
S,P,E,I,B
S,P,E,I,E
S,P,E,I,K
S,P,E,I,L
S,P,E,I,N
S,P,E,I,S
S,P,E,I,T
S,P,E,L,T
S,P,E,L,Z
S,P,E,N,D
S,P,E,R,R
S,P,E,T,T
S,P,E,Z,I
S,P,H,E,N
S,P,I,C,K
S,P,I,E,B
S,P,I,E,L
S,P,I,E,N
S,P,I,E,R
S,P,I,E,T
S,P,I,K,E
S,P,I,L,L
S,P,I,N,D
S,P,I,N,N
S,P,I,N,S
S,P,I,N,T
S,P,I,O,N
S,P,I,T,Z
S,P,L,E,N
S,P,L,I,T
S,P,O,R,E
S,P,O,R,N
S,P,O,R,S
S,P,O,R,T
S,P,O,T,S
S,P,O,T,T
S,P,R,A,Y
S,P,R,E,U
S,P,R,I,T
S,P,R,U,E
S,P,U,C,K
S,P,U,K,E
S,P,U,K,S
S,P,U,K,T
S,P,U,L,E
S,P,U,L,T
S,P,U,N,D
S,P,U,R,E
S,P,U,R,T
S,P,U,T,A
S,P,U,T,E
S,Q,U,A,W
S,T,A,A,T
S,T,A,B,E
S,T,A,B,S
S,T,A,C,H
S,T,A,C,K
S,T,A,D,E
S,T,A,D,T
S,T,A,G,E
S,T,A,G,S
S,T,A,H,L
S,T,A,K,E
S,T,A,K,S
S,T,A,K,T
S,T,A,L,L
S,T,A,M,M
S,T,A,N,D
S,T,A,N,K
S,T,A,N,Z
S,T,A,P,F
S,T,A,P,S
S,T,A,R,B
S,T,A,R,E
S,T,A,R,K
S,T,A,R,R
S,T,A,R,S
S,T,A,R,T
S,T,A,S,E
S,T,A,T,T
S,T,A,U,B
S,T,A,U,E
S,T,A,U,F
S,T,A,U,N
S,T,A,U,S
S,T,A,U,T
S,T,E,A,K
S,T,E,C,H
S,T,E,C,K
S,T,E,G,E
S,T,E,G,S
S,T,E,H,E
S,T,E,H,L
S,T,E,H,N
S,T,E,H,T
S,T,E,I,F
S,T,E,I,G
S,T,E,I,L
S,T,E,I,N
S,T,E,K,S
S,T,E,L,E
S,T,E,L,L
S,T,E,L,Z
S,T,E,M,M
S,T,E,N,O
S,T,E,N,T
S,T,E,N,Z
S,T,E,P,P
S,T,E,P,S
S,T,E,R,B
S,T,E,R,E
S,T,E,R,N
S,T,E,R,S
S,T,E,R,T
S,T,E,R,Z
S,T,E,T,E
S,T,E,T,L
S,T,E,T,S
S,T,I,C,H
S,T,I,C,K
S,T,I,E,B
S,T,I,E,G
S,T,I,E,L
S,T,I,E,M
S,T,I,E,R
S,T,I,F,T
S,T,I,L,E
S,T,I,L,L
S,T,I,L,S
S,T,I,M,M
S,T,I,N,K
S,T,I,N,T
S,T,I,P,P
S,T,I,R,B
S,T,I,R,N
S,T,O,B,T
S,T,O,C,K
S,T,O,E,N
S,T,O,F,F
S,T,O,L,A
S,T,O,L,Z
S,T,O,M,A
S,T,O,P,F
S,T,O,P,P
S,T,O,P,S
S,T,O,R,E
S,T,O,R,G
S,T,O,R,Y
S,T,O,S,S
S,T,O,T,Z
S,T,O,U,T
S,T,O,V,E
S,T,O,W,E
S,T,O,W,T
S,T,R,A,F
S,T,R,A,K
S,T,R,E,B
S,T,R,E,U
S,T,R,I,P
S,T,R,O,H
S,T,R,O,M
S,T,R,U,B
S,T,U,B,E
S,T,U,C,K
S,T,U,D,I
S,T,U,F,E
S,T,U,F,T
S,T,U,H,L
S,T,U,K,A
S,T,U,M,M
S,T,U,N,D
S,T,U,N,K
S,T,U,N,T
S,T,U,P,F
S,T,U,P,S
S,T,U,R,E
S,T,U,R,M
S,T,U,R,Z
S,T,U,S,S
S,T,U,T,E
S,T,U,T,Z
S,T,Y,L,E
S,T,Y,L,T
S,U,A,D,A
S,U,A,D,E
S,U,C,H,E
S,U,C,H,T
S,U,C,R,E
S,U,D,E,L
S,U,D,E,N
S,U,D,E,R
S,U,D,E,S
S,U,D,L,E
S,U,D,R,E
S,U,E,V,E
S,U,F,F,E
S,U,F,F,S
S,U,F,I,S
S,U,G,O,S
S,U,H,L,E
S,U,H,L,T
S,U,I,T,E
S,U,J,E,T
S,U,L,K,Y
S,U,L,Z,E
S,U,L,Z,T
S,U,M,M,A
S,U,M,M,E
S,U,M,M,T
S,U,M,P,F
S,U,M,S,E
S,U,N,D,E
S,U,N,D,S
S,U,O,M,I
S,U,P,E,R
S,U,P,P,E
S,U,R,E,N
S,U,R,E,T
S,U,R,F,E
S,U,R,F,T
S,U,R,R,E
S,U,R,R,T
S,U,R,S,T
S,U,R,T,E
S,U,S,H,I
S,U,T,J,E
S,U,T,U,R
S,W,A,M,I
S,W,A,P,S
S,W,A,S,I
S,W,E,B,E
S,W,I,N,G
S,Y,N,O,D
S,Y,R,E,R
S,Y,R,T,E
S,Z,E,N,E
T,A,B,A,K
T,A,B,E,S
T,A,B,U,S
T,A,C,H,O
T,A,D,E,L
T,A,D,L,E
T,A,E,L,S
T,A,F,E,L
T,A,F,F,E
T,A,F,L,E
T,A,F,T,E
T,A,F,T,S
T,A,G,E,N
T,A,G,E,S
T,A,G,E,T
T,A,G,S,T
T,A,G,T,E
T,A,I,G,A
T,A,K,E,L
T,A,K,E,S
T,A,K,L,E
T,A,K,T,E
T,A,K,T,S
T,A,L,A,B
T,A,L,A,R
T,A,L,E,R
T,A,L,E,S
T,A,L,G,E
T,A,L,G,S
T,A,L,G,T
T,A,L,J,E
T,A,L,K,E
T,A,L,K,S
T,A,L,K,T
T,A,L,M,I
T,A,L,O,N
T,A,M,I,L
T,A,M,P,E
T,A,M,P,S
T,A,N,D,S
T,A,N,G,A
T,A,N,G,E
T,A,N,G,O
T,A,N,G,S
T,A,N,K,E
T,A,N,K,S
T,A,N,K,T
T,A,N,N,E
T,A,N,N,S
T,A,N,S,E
T,A,N,T,E
T,A,N,Z,E
T,A,N,Z,T
T,A,P,A,S
T,A,P,E,N
T,A,P,E,R
T,A,P,E,S
T,A,P,E,T
T,A,P,F,E
T,A,P,I,R
T,A,P,P,E
T,A,P,P,S
T,A,P,P,T
T,A,P,R,E
T,A,P,S,E
T,A,P,S,T
T,A,P,T,E
T,A,R,E,N
T,A,R,G,I
T,A,R,I,F
T,A,R,N,E
T,A,R,N,T
T,A,R,O,S
T,A,R,O,T
T,A,R,T,E
T,A,S,E,R
T,A,S,S,E
T,A,S,T,E
T,A,T,A,R
T,A,T,E,N
T,A,T,E,T
T,A,T,S,T
T,A,T,Z,E
T,A,U,B,E
T,A,U,C,H
T,A,U,E,N
T,A,U,E,S
T,A,U,E,T
T,A,U,F,E
T,A,U,F,T
T,A,U,G,E
T,A,U,G,T
T,A,U,I,G
T,A,U,P,E
T,A,U,S,T
T,A,U,T,E
T,A,X,E,N
T,A,X,I,S
T,A,X,U,S
T,E,A,K,S
T,E,A,M,S
T,E,A,S,E
T,E,A,S,T
T,E,D,D,Y
T,E,E,E,I
T,E,E,I,N
T,E,E,N,S
T,E,E,N,Y
T,E,E,R,E
T,E,E,R,S
T,E,E,R,T
T,E,E,S,T
T,E,E,T,E
T,E,G,E,L
T,E,I,C,H
T,E,I,G,E
T,E,I,G,S
T,E,I,G,T
T,E,I,L,E
T,E,I,L,S
T,E,I,L,T
T,E,I,N,S
T,E,I,N,T
T,E,L,E,N
T,E,L,E,S
T,E,L,E,X
T,E,M,P,I
T,E,M,P,O
T,E,N,N,E
T,E,N,N,O
T,E,N,N,S
T,E,N,O,R
T,E,N,U,E
T,E,R,M,E
T,E,R,M,S
T,E,R,N,E
T,E,R,N,O
T,E,S,L,A
T,E,S,T,E
T,E,S,T,S
T,E,T,E,N
T,E,T,R,A
T,E,U,E,R
T,E,U,F,E
T,E,U,F,T
T,E,U,R,E
T,E,U,R,O
T,E,X,T,E
T,E,X,T,S
T,H,A,I,S
T,H,E,I,N
T,H,E,K,E
T,H,E,M,A
T,H,E,S,E
T,H,E,T,A
T,H,I,N,G
T,H,O,N,E
T,H,O,N,S
T,H,O,R,A
T,H,R,O,N
T,H,U,J,A
T,H,U,J,E
T,H,Y,M,I
T,I,A,R,A
T,I,B,E,T
T,I,C,K,E
T,I,C,K,S
T,I,C,K,T
T,I,D,E,N
T,I,E,F,E
T,I,E,F,S
T,I,E,R,E
T,I,E,R,S
T,I,G,E,R
T,I,G,H,T
T,I,G,R,E
T,I,L,D,E
T,I,L,G,E
T,I,L,G,T
T,I,L,L,E
T,I,L,L,T
T,I,M,E,N
T,I,M,E,R
T,I,M,E,T
T,I,M,S,T
T,I,M,T,E
T,I,N,T,E
T,I,P,I,S
T,I,P,P,E
T,I,P,P,S
T,I,P,P,T
T,I,S,C,H
T,I,T,A,N
T,I,T,E,L
T,I,T,E,R
T,I,T,L,E
T,I,T,R,E
T,I,T,T,E
T,J,A,L,K
T,J,O,S,T
T,O,A,S,T
T,O,B,A,K
T,O,B,E,L
T,O,B,E,N
T,O,B,E,T
T,O,B,S,T
T,O,B,T,E
T,O,D,D,Y
T,O,D,E,N
T,O,D,E,S
T,O,F,U,S
T,O,G,E,N
T,O,I,S,E
T,O,K,E,N
T,O,L,A,R
T,O,L,L,E
T,O,L,L,T
T,O,M,M,Y
T,O,N,A,L
T,O,N,D,I
T,O,N,D,O
T,O,N,E,N
T,O,N,E,R
T,O,N,E,S
T,O,N,E,T
T,O,N,I,C
T,O,N,I,G
T,O,N,I,S
T,O,N,N,E
T,O,N,N,T
T,O,N,S,T
T,O,N,T,E
T,O,N,U,S
T,O,O,L,S
T,O,P,A,S
T,O,P,F,E
T,O,P,F,S
T,O,P,F,T
T,O,P,I,K
T,O,P,O,I
T,O,P,O,S
T,O,P,P,E
T,O,P,P,S
T,O,P,P,T
T,O,Q,U,E
T,O,R,E,N
T,O,R,E,S
T,O,R,F,E
T,O,R,F,S
T,O,R,R,S
T,O,R,S,I
T,O,R,S,O
T,O,R,T,E
T,O,R,T,S
T,O,R,U,S
T,O,R,Y,S
T,O,S,E,N
T,O,S,E,T
T,O,S,T,E
T,O,T,A,L
T,O,T,E,M
T,O,T,E,N
T,O,T,E,R
T,O,T,E,S
T,O,T,O,S
T,O,U,C,H
T,O,U,G,H
T,O,U,R,E
T,O,U,R,I
T,O,U,R,T
T,O,W,E,R
T,O,X,I,N
T,R,A,B,E
T,R,A,B,I
T,R,A,B,S
T,R,A,B,T
T,R,A,C,K
T,R,A,D,E
T,R,A,F,O
T,R,A,F,T
T,R,A,G,E
T,R,A,G,T
T,R,A,I,L
T,R,A,I,N
T,R,A,K,T
T,R,A,M,E
T,R,A,M,P
T,R,A,M,S
T,R,A,N,E
T,R,A,N,K
T,R,A,N,S
T,R,A,P,P
T,R,A,P,S
T,R,A,R,A
T,R,A,S,H
T,R,A,S,S
T,R,A,U,E
T,R,A,U,M
T,R,A,U,N
T,R,A,U,T
T,R,A,W,L
T,R,A,X,E
T,R,E,B,E
T,R,E,C,K
T,R,E,F,F
T,R,E,I,B
T,R,E,K,K
T,R,E,M,A
T,R,E,N,D
T,R,E,N,N
T,R,E,N,Z
T,R,E,T,E
T,R,E,U,E
T,R,I,A,L
T,R,I,A,S
T,R,I,C,K
T,R,I,E,B
T,R,I,E,F
T,R,I,E,L
T,R,I,E,Z
T,R,I,F,F
T,R,I,F,T
T,R,I,G,A
T,R,I,K,E
T,R,I,M,M
T,R,I,N,E
T,R,I,N,K
T,R,I,O,S
T,R,I,P,S
T,R,I,S,T
T,R,I,T,T
T,R,O,E,R
T,R,O,F,F
T,R,O,G,E
T,R,O,G,S
T,R,O,G,T
T,R,O,L,L
T,R,O,P,E
T,R,O,P,F
T,R,O,S,S
T,R,O,S,T
T,R,O,T,T
T,R,O,T,Z
T,R,U,B,E
T,R,U,B,S
T,R,U,C,K
T,R,U,G,E
T,R,U,G,S
T,R,U,G,T
T,R,U,H,E
T,R,U,M,E
T,R,U,M,M
T,R,U,M,S
T,R,U,N,K
T,R,U,P,P
T,R,U,S,T
T,R,U,T,E
T,R,U,T,Z
T,S,U,G,A
T,U,B,A,S
T,U,B,E,N
T,U,B,U,S
T,U,C,H,E
T,U,C,H,S
T,U,D,O,R
T,U,E,N,D
T,U,E,S,T
T,U,F,F,E
T,U,F,F,S
T,U,K,A,N
T,U,L,P,E
T,U,M,B,A
T,U,M,B,E
T,U,M,O,R
T,U,N,E,N
T,U,N,E,R
T,U,N,E,T
T,U,N,K,E
T,U,N,K,T
T,U,N,S,T
T,U,N,T,E
T,U,P,E,L
T,U,P,F,E
T,U,P,F,S
T,U,P,F,T
T,U,P,I,S
T,U,R,A,S
T,U,R,B,O
T,U,R,F,S
T,U,R,M,E
T,U,R,M,S
T,U,R,N,E
T,U,R,N,S
T,U,R,N,T
T,U,R,O,N
T,U,S,C,H
T,U,S,S,E
T,U,S,S,I
T,U,T,E,L
T,U,T,E,N
T,U,T,E,T
T,U,T,O,R
T,U,T,S,I
T,U,T,T,I
T,U,T,U,S
T,W,E,E,D
T,W,E,E,T
T,W,E,N,S
T,W,I,L,L
T,W,I,S,T
T,Y,C,H,E
T,Y,P,E,N
T,Y,P,E,T
T,Y,P,I,K
T,Y,P,S,T
T,Y,P,T,E
T,Y,P,U,S
T,Y,R,E,R
U,B,I,E,R
U,B,O,O,T
U,F,E,R,E
U,F,E,R,N
U,F,E,R,S
U,F,E,R,T
U,H,R,E,N
U,L,E,M,A
U,L,K,E,N
U,L,K,E,S
U,L,K,E,T
U,L,K,I,G
U,L,K,S,T
U,L,K,T,E
U,L,K,U,S
U,L,M,E,N
U,L,M,E,R
U,L,T,R,A
U,M,A,M,I
U,M,A,R,M
U,M,B,A,U
U,M,B,E,R
U,M,B,O,G
U,M,B,R,A
U,M,G,A,B
U,M,G,E,B
U,M,G,E,H
U,M,G,I,B
U,M,H,A,B
U,M,H,A,T
U,M,H,A,U
U,M,H,E,G
U,M,H,E,R
U,M,H,I,N
U,M,I,A,K
U,M,K,A,M
U,M,L,A,D
U,M,L,E,G
U,M,L,U,D
U,M,P,O,L
U,M,S,A,H
U,M,S,E,H
U,M,T,A,T
U,M,T,O,S
U,M,T,U,E
U,M,T,U,N
U,M,T,U,T
U,M,W,E,G
U,M,W,E,H
U,M,W,O,G
U,M,Z,O,G
U,M,Z,U,G
U,N,A,R,T
U,N,A,U,S
U,N,B,A,R
U,N,F,U,G
U,N,G,A,R
U,N,G,U,T
U,N,I,E,R
U,N,I,K,A
U,N,I,O,N
U,N,K,E,N
U,N,K,E,T
U,N,K,S,T
U,N,K,T,E
U,N,M,U,T
U,N,R,A,T
U,N,R,U,H
U,N,S,E,R
U,N,S,R,E
U,N,T,A,T
U,N,T,E,N
U,N,T,E,R
U,N,T,O,T
U,N,Z,E,N
U,R,A,H,N
U,R,A,L,T
U,R,A,N,S
U,R,A,S,S
U,R,A,T,E
U,R,A,T,S
U,R,B,A,N
U,R,B,A,R
U,R,I,A,N
U,R,I,G,E
U,R,I,N,E
U,R,I,N,S
U,R,N,E,N
U,R,N,E,R
U,R,O,M,A
U,R,O,P,A
U,R,S,C,H
U,R,S,T,E
U,R,T,Y,P
U,S,A,N,Z
U,S,E,R,N
U,S,E,R,S
U,T,E,R,I
U,V,U,L,A
U,Z,E,N,D
U,Z,E,N,S
U,Z,E,S,T
U,Z,T,E,N
U,Z,T,E,T
V,A,C,A,T
V,A,D,O,S
V,A,G,E,M
V,A,G,E,N
V,A,G,E,R
V,A,G,E,S
V,A,G,U,S
V,A,K,A,T
V,A,K,U,A
V,A,L,E,T
V,A,L,I,D
V,A,M,P,S
V,A,R,I,A
V,A,R,I,X
V,A,S,A,S
V,A,S,E,N
V,A,T,E,R
V,A,T,I,S
V,E,D,A,S
V,E,D,E,N
V,E,G,A,N
V,E,L,A,R
V,E,L,I,N
V,E,L,O,S
V,E,L,U,M
V,E,N,E,N
V,E,N,N,S
V,E,R,B,A
V,E,R,B,S
V,E,R,S,E
V,E,R,S,O
V,E,R,T,E
V,E,R,T,U
V,E,R,U,M
V,E,R,V,E
V,E,S,T,E
V,E,T,O,S
V,I,D,E,O
V,I,D,I,T
V,I,E,C,H
V,I,E,H,S
V,I,E,L,E
V,I,E,L,S
V,I,E,R,E
V,I,E,R,T
V,I,F,E,M
V,I,F,E,N
V,I,F,E,R
V,I,F,E,S
V,I,G,I,L
V,I,K,A,R
V,I,L,L,A
V,I,N,Y,L
V,I,O,L,A
V,I,O,L,E
V,I,P,E,R
V,I,R,A,L
V,I,R,E,N
V,I,R,I,L
V,I,R,U,S
V,I,S,E,N
V,I,S,I,T
V,I,S,T,A
V,I,S,U,M
V,I,T,A,E
V,I,T,A,L
V,I,T,E,N
V,I,T,I,A
V,I,V,A,T
V,I,Z,E,S
V,I,Z,I,N
V,L,A,M,E
V,L,I,E,S
V,O,G,E,L
V,O,G,T,E
V,O,G,T,S
V,O,I,L,A
V,O,I,L,E
V,O,I,P,E
V,O,I,P,T
V,O,K,A,L
V,O,L,K,E
V,O,L,K,S
V,O,L,L,E
V,O,L,T,E
V,O,L,T,S
V,O,P,O,S
V,O,R,A,B
V,O,R,A,N
V,O,R,N,E
V,O,R,Z,U
V,O,T,E,N
V,O,T,E,T
V,O,T,U,M
V,O,U,T,E
V,U,L,G,O
V,U,L,V,A
W,A,A,G,E
W,A,B,E,N
W,A,B,E,R
W,A,B,R,E
W,A,C,H,E
W,A,C,H,S
W,A,C,H,T
W,A,C,K,E
W,A,D,E,N
W,A,D,I,S
W,A,D,L,N
W,A,D,L,S
W,A,F,E,R
W,A,F,F,E
W,A,G,E,N
W,A,G,E,T
W,A,G,O,N
W,A,G,S,T
W,A,G,T,E
W,A,H,N,E
W,A,H,N,S
W,A,H,R,E
W,A,H,R,T
W,A,I,D,E
W,A,I,D,S
W,A,I,S,E
W,A,K,E,N
W,A,L,D,E
W,A,L,D,S
W,A,L,E,N
W,A,L,E,S
W,A,L,K,E
W,A,L,K,T
W,A,L,L,E
W,A,L,L,S
W,A,L,L,T
W,A,L,M,E
W,A,L,M,S
W,A,L,T,E
W,A,L,Z,E
W,A,L,Z,T
W,A,M,M,E
W,A,M,P,E
W,A,M,S,E
W,A,M,S,T
W,A,N,D,T
W,A,N,E,N
W,A,N,G,E
W,A,N,I,N
W,A,N,K,E
W,A,N,K,S
W,A,N,K,T
W,A,N,N,E
W,A,N,S,T
W,A,N,T,S
W,A,N,Z,E
W,A,N,Z,T
W,A,P,P,E
W,A,P,P,T
W,A,R,A,N
W,A,R,B,T
W,A,R,E,N
W,A,R,F,E
W,A,R,F,S
W,A,R,F,T
W,A,R,M,E
W,A,R,N,E
W,A,R,N,T
W,A,R,P,E
W,A,R,P,S
W,A,R,P,T
W,A,R,S,T
W,A,R,T,E
W,A,R,T,S
W,A,R,U,M
W,A,R,Z,E
W,A,S,A,S
W,A,S,C,H
W,A,S,E,N
W,A,T,E,N
W,A,T,E,T
W,A,T,T,E
W,A,T,T,S
W,A,U,E,N
W,A,U,E,S
W,E,B,E,N
W,E,B,E,R
W,E,B,E,T
W,E,B,S,T
W,E,B,T,E
W,E,C,K,E
W,E,C,K,S
W,E,C,K,T
W,E,D,A,S
W,E,D,E,L
W,E,D,E,N
W,E,D,E,R
W,E,D,G,E
W,E,D,L,E
W,E,F,T,E
W,E,F,T,S
W,E,G,E,N
W,E,G,E,R
W,E,G,E,S
W,E,G,R,E
W,E,G,T,U
W,E,H,E,M
W,E,H,E,N
W,E,H,E,R
W,E,H,E,S
W,E,H,E,T
W,E,H,L,E
W,E,H,L,S
W,E,H,R,E
W,E,H,R,S
W,E,H,R,T
W,E,H,S,T
W,E,H,T,E
W,E,H,T,U
W,E,I,B,E
W,E,I,B,S
W,E,I,C,H
W,E,I,D,E
W,E,I,F,E
W,E,I,F,T
W,E,I,H,E
W,E,I,H,N
W,E,I,H,S
W,E,I,H,T
W,E,I,L,E
W,E,I,L,T
W,E,I,N,E
W,E,I,N,S
W,E,I,N,T
W,E,I,S,E
W,E,I,S,S
W,E,I,S,T
W,E,I,T,E
W,E,I,T,S
W,E,L,C,H
W,E,L,F,E
W,E,L,F,S
W,E,L,K,E
W,E,L,K,T
W,E,L,L,E
W,E,L,L,T
W,E,L,P,E
W,E,L,S,E
W,E,N,D,E
W,E,N,I,G
W,E,N,N,S
W,E,R,B,E
W,E,R,B,T
W,E,R,D,A
W,E,R,D,E
W,E,R,F,E
W,E,R,F,T
W,E,R,G,E
W,E,R,G,S
W,E,R,K,E
W,E,R,K,S
W,E,R,K,T
W,E,R,R,E
W,E,R,S,T
W,E,R,T,E
W,E,R,T,S
W,E,S,E,N
W,E,S,E,T
W,E,S,I,R
W,E,S,P,E
W,E,S,S,I
W,E,S,T,E
W,E,S,T,S
W,E,T,T,E
W,E,T,Z,E
W,E,T,Z,T
W,H,I,G,S
W,H,I,S,T
W,I,C,H,E
W,I,C,H,S
W,I,C,H,T
W,I,C,K,E
W,I,D,A,H
W,I,D,E,R
W,I,D,M,E
W,I,D,R,E
W,I,D,U,M
W,I,E,D,E
W,I,E,G,E
W,I,E,G,T
W,I,E,P,E
W,I,E,S,E
W,I,E,S,O
W,I,E,S,T
W,I,E,T,E
W,I,K,I,S
W,I,L,D,E
W,I,L,D,S
W,I,L,L,E
W,I,M,A,X
W,I,M,M,E
W,I,M,M,T
W,I,N,D,E
W,I,N,D,S
W,I,N,K,E
W,I,N,K,S
W,I,N,K,T
W,I,P,P,E
W,I,P,P,T
W,I,R,B,T
W,I,R,F,T
W,I,R,K,E
W,I,R,K,T
W,I,R,R,E
W,I,R,S,T
W,I,R,T,E
W,I,R,T,S
W,I,R,Z,E
W,I,S,C,H
W,I,S,S,E
W,I,S,S,T
W,I,T,I,B
W,I,T,W,E
W,I,T,Z,E
W,O,B,E,I
W,O,B,E,N
W,O,B,S,T
W,O,C,H,E
W,O,D,K,A
W,O,G,E,N
W,O,G,E,T
W,O,G,S,T
W,O,G,T,E
W,O,H,E,R
W,O,H,I,N
W,O,H,L,E
W,O,H,L,S
W,O,H,N,E
W,O,H,N,T
W,O,L,F,E
W,O,L,F,S
W,O,L,K,E
W,O,L,L,E
W,O,L,L,T
W,O,M,I,T
W,O,N,N,E
W,O,O,G,E
W,O,O,G,S
W,O,R,A,N
W,O,R,B,E
W,O,R,B,S
W,O,R,I,N
W,O,R,T,E
W,O,R,T,S
W,O,R,U,M
W,O,V,O,N
W,O,V,O,R
W,R,A,C,K
W,R,A,N,G
W,R,A,P,S
W,R,I,C,K
W,R,I,G,G
W,R,I,N,G
W,R,U,K,E
W,U,C,H,S
W,U,C,H,T
W,U,H,N,E
W,U,H,R,E
W,U,H,R,S
W,U,L,S,T
W,U,N,D,E
W,U,N,E,N
W,U,P,P,E
W,U,P,P,T
W,U,R,D,E
W,U,R,F,E
W,U,R,F,S
W,U,R,M,E
W,U,R,M,S
W,U,R,M,T
W,U,R,S,T
W,U,R,T,E
W,U,R,Z,E
W,U,R,Z,T
W,U,S,C,H
W,U,S,E,L
W,U,S,L,E
W,U,S,S,T
W,U,S,T,E
W,U,S,T,S
W,U,Z,E,L
W,U,Z,L,E
X,E,N,I,E
X,E,N,O,N
X,E,R,E,S
X,Y,L,E,N
X,Y,L,O,L
Y,A,C,H,T
Y,A,N,G,S
Y,A,R,D,S
Y,A,W,L,E
Y,A,W,L,S
Y,E,T,I,S
Y,O,G,A,S
Y,O,G,I,N
Y,O,G,I,S
Y,S,O,P,E
Y,S,O,P,S
Y,U,A,N,S
Y,U,C,C,A
Z,A,C,H,E
Z,A,C,K,E
Z,A,C,K,T
Z,A,G,E,L
Z,A,G,E,M
Z,A,G,E,N
Z,A,G,E,R
Z,A,G,E,S
Z,A,G,E,T
Z,A,G,S,T
Z,A,G,T,E
Z,A,H,L,E
Z,A,H,L,T
Z,A,H,M,E
Z,A,H,N,E
Z,A,H,N,S
Z,A,H,N,T
Z,A,I,N,E
Z,A,I,N,S
Z,A,I,N,T
Z,A,N,G,E
Z,A,N,K,E
Z,A,N,K,S
Z,A,N,K,T
Z,A,P,F,E
Z,A,P,F,S
Z,A,P,F,T
Z,A,P,P,E
Z,A,P,P,T
Z,A,R,E,N
Z,A,R,G,E
Z,A,R,I,N
Z,A,R,T,E
Z,A,S,E,L
Z,A,S,E,R
Z,A,S,R,E
Z,A,U,M,E
Z,A,U,M,S
Z,A,U,N,E
Z,A,U,N,S
Z,A,U,P,E
Z,A,U,S,E
Z,A,U,S,T
Z,E,B,R,A
Z,E,B,U,S
Z,E,C,H,E
Z,E,C,H,T
Z,E,C,K,E
Z,E,C,K,S
Z,E,C,K,T
Z,E,D,E,R
Z,E,E,S,E
Z,E,H,E,N
Z,E,H,N,T
Z,E,H,R,E
Z,E,H,R,T
Z,E,I,G,E
Z,E,I,G,T
Z,E,I,H,E
Z,E,I,H,N
Z,E,I,H,T
Z,E,I,L,E
Z,E,I,N,E
Z,E,I,S,E
Z,E,I,S,T
Z,E,L,G,E
Z,E,L,L,E
Z,E,L,O,T
Z,E,L,T,E
Z,E,L,T,S
Z,E,N,I,T
Z,E,R,A,T
Z,E,R,G,E
Z,E,R,G,T
Z,E,R,O,S
Z,E,R,R,E
Z,E,R,R,T
Z,E,S,T,E
Z,E,T,A,S
Z,E,T,E,R
Z,E,T,R,E
Z,E,U,C,H
Z,E,U,G,E
Z,E,U,G,S
Z,E,U,G,T
Z,E,U,T,E
Z,I,B,B,E
Z,I,B,E,T
Z,I,C,K,E
Z,I,C,K,T
Z,I,D,E,R
Z,I,E,G,E
Z,I,E,H,E
Z,I,E,H,N
Z,I,E,H,T
Z,I,E,L,E
Z,I,E,L,S
Z,I,E,L,T
Z,I,E,M,E
Z,I,E,M,S
Z,I,E,M,T
Z,I,E,P,E
Z,I,E,P,T
Z,I,E,R,E
Z,I,E,R,T
Z,I,E,S,T
Z,I,G,E,R
Z,I,L,I,E
Z,I,L,L,E
Z,I,M,T,E
Z,I,M,T,S
Z,I,N,K,E
Z,I,N,K,S
Z,I,N,K,T
Z,I,N,N,E
Z,I,N,N,S
Z,I,N,S,E
Z,I,N,S,T
Z,I,P,F,E
Z,I,P,F,S
Z,I,P,P,E
Z,I,P,P,I
Z,I,P,P,T
Z,I,R,B,E
Z,I,R,K,A
Z,I,R,P,E
Z,I,R,P,T
Z,I,S,C,H
Z,I,S,T,A
Z,I,S,T,E
Z,I,T,A,T
Z,I,T,Z,E
Z,I,V,I,L
Z,I,V,I,S
Z,L,O,T,Y
Z,O,B,E,L
Z,O,B,E,R
Z,O,C,K,E
Z,O,C,K,T
Z,O,F,E,N
Z,O,F,F,E
Z,O,F,F,S
Z,O,F,F,T
Z,O,G,E,N
Z,O,G,S,T
Z,O,H,E,N
Z,O,L,L,E
Z,O,L,L,S
Z,O,L,L,T
Z,O,N,A,L
Z,O,N,A,R
Z,O,N,E,N
Z,O,O,M,E
Z,O,O,M,S
Z,O,O,M,T
Z,O,P,F,E
Z,O,P,F,S
Z,O,R,E,S
Z,O,R,N,E
Z,O,R,N,S
Z,O,S,S,E
Z,O,T,E,N
Z,O,T,E,T
Z,O,T,I,G
Z,O,T,T,E
Z,U,B,A,U
Z,U,B,E,R
Z,U,C,H,T
Z,U,C,K,E
Z,U,C,K,S
Z,U,C,K,T
Z,U,D,E,M
Z,U,G,A,B
Z,U,G,E,B
Z,U,G,E,H
Z,U,G,E,R
Z,U,G,E,S
Z,U,G,I,G
Z,U,G,U,T
Z,U,H,A,B
Z,U,H,A,K
Z,U,H,A,T
Z,U,H,A,U
Z,U,K,A,M
Z,U,L,E,G
Z,U,L,L,E
Z,U,L,L,T
Z,U,L,O,S
Z,U,L,P,E
Z,U,L,P,S
Z,U,L,P,T
Z,U,L,U,S
Z,U,M,A,L
Z,U,M,U,T
Z,U,N,F,T
Z,U,N,G,E
Z,U,P,F,E
Z,U,P,F,T
Z,U,R,A,T
Z,U,R,E,D
Z,U,R,R,E
Z,U,R,R,T
Z,U,R,U,F
Z,U,S,A,G
Z,U,S,A,H
Z,U,S,E,H
Z,U,T,A,T
Z,U,T,U,E
Z,U,T,U,N
Z,U,T,U,T
Z,U,V,O,R
Z,U,W,E,H
Z,U,Z,E,L
Z,U,Z,L,E
Z,U,Z,O,G
Z,U,Z,U,G
Z,W,A,C,K
Z,W,A,N,G
Z,W,E,C,K
Z,W,E,E,N
Z,W,E,I,G
Z,W,E,I,T
Z,W,E,R,G
Z,W,I,C,K
Z,W,I,N,G
Z,W,I,N,K
Z,W,I,R,N
Z,W,I,S,T
Z,W,O,T,E
Z,Y,A,N,E
Z,Y,A,N,S
Z,Y,S,T,E
