first,second,third,forth,fifth
E,R,W,E,B
H,O,L,K,S
W,U,S,L,E
P,A,G,E,N
K,O,M,M,E
B,A,S,T,A
L,A,H,R,S
Z,A,R,E,N
W,R,I,G,G
S,T,I,F,T
L,E,S,E,T
A,B,A,S,S
D,O,S,H,A
M,U,H,T,S
N,E,P,P,E
K,U,J,O,N
D,U,E,S,E
R,O,J,E,R
W,A,N,J,A
W,E,H,S,T
L,U,E,G,E
M,A,C,H,T
L,A,L,L,E
B,U,H,E,I
Z,U,L,U,S
H,A,L,T,E
H,E,L,L,T
W,E,L,S,E
H,A,P,P,Y
Z,U,Z,O,G
L,I,E,S,S
L,O,T,S,E
T,E,S,L,A
G,U,M,P,E
D,I,P,O,L
T,O,B,E,N
O,R,N,E,S
S,U,M,S,E
W,O,E,B,E
B,A,G,N,I
K,I,E,S,E
S,P,O,T,S
S,I,C,K,S
H,I,W,I,S
S,U,S,A,S
S,P,A,R,E
A,N,D,E,L
C,H,E,D,I
D,R,I,T,T
F,E,H,L,E
C,O,M,B,O
A,Z,I,N,E
B,E,B,E,T
G,A,U,E,S
M,O,G,L,E
A,V,I,S,E
Z,A,R,I,N
A,L,I,U,D
I,R,M,A,S
F,L,O,H,T
E,I,T,E,L
A,L,L,E,L
G,I,E,R,T
R,A,R,E,S
R,I,E,S,A
D,I,M,L,I
H,Y,P,E,N
N,E,R,V,T
M,O,P,S,T
G,R,A,V,E
P,F,U,N,D
F,I,S,C,H
A,R,M,E,E
K,N,O,P,F
K,N,A,R,Z
N,I,D,D,A
M,U,S,I,K
K,I,E,L,S
M,O,L,L,I
Q,U,A,D,T
C,O,V,I,D
A,T,H,E,N
W,E,S,E,R
R,A,J,A,S
H,U,E,T,E
E,C,K,E,N
R,O,T,E,N
S,U,K,K,A
K,A,S,C,H
W,I,D,R,E
F,O,L,G,E
R,O,E,T,Z
N,O,A,H,S
H,E,T,E,N
H,A,S,S,E
W,I,E,S,E
B,A,T,I,K
B,L,O,S,S
O,L,P,E,S
F,U,H,S,E
I,S,M,U,S
E,B,N,E,T
L,U,S,E,R
U,M,H,E,R
J,U,E,T,E
I,R,A,D,E
Z,E,N,T,A
K,R,A,N,E
T,U,C,H,E
P,H,O,N,S
J,O,K,E,R
I,N,G,O,S
B,E,L,A,D
N,E,P,P,T
S,T,E,L,Z
C,A,M,P,E
S,P,A,N,E
F,L,I,E,S
I,D,E,A,L
K,L,E,N,G
M,I,N,I,S
S,O,G,A,R
A,A,R,A,U
N,A,M,A,S
T,O,N,U,S
D,I,E,M,E
E,I,T,R,E
A,S,A,N,T
A,P,P,L,E
H,I,S,S,E
O,R,D,E,R
H,A,L,I,N
M,I,X,E,R
R,A,U,B,E
T,O,N,E,R
A,L,E,T,S
R,I,A,D,S
L,I,S,T,S
F,L,A,T,S
P,U,L,P,A
R,I,G,G,T
M,E,M,E,N
D,A,U,E,N
Z,E,R,G,T
D,U,S,L,E
T,O,B,A,K
E,R,L,O,G
D,I,R,E,X
H,I,N,D,U
Z,U,T,A,T
S,U,C,H,T
W,A,R,F,T
B,I,R,G,T
Z,A,I,N,S
F,A,X,T,E
P,A,U,S,T
A,S,C,U,S
H,Y,D,R,A
E,I,G,G,S
W,U,P,P,T
L,U,C,H,E
L,O,E,T,E
P,O,L,S,T
L,A,C,K,S
E,X,A,K,T
F,U,N,Z,E
R,A,N,G,S
H,O,M,I,E
L,O,K,U,S
D,I,L,I,S
A,N,R,U,F
F,L,U,G,E
M,E,H,R,T
A,B,G,A,S
Y,A,M,E,N
Z,E,R,R,T
E,D,U,K,T
E,C,K,I,G
S,C,H,E,U
S,O,L,D,S
L,I,K,S,T
R,A,S,T,E
T,E,I,C,H
O,M,I,N,A
K,O,T,A,U
T,R,I,C,K
R,A,M,M,E
T,R,O,A,S
I,N,D,E,S
A,G,O,N,S
F,R,I,E,D
S,O,G,E,S
Z,I,O,N,S
T,A,B,E,N
I,R,R,E,S
L,I,V,E,N
R,E,G,U,R
R,O,T,E,M
V,I,F,E,R
R,O,T,Z,T
D,R,A,M,A
R,E,I,H,E
A,F,F,I,X
W,I,E,S,O
L,O,B,E,N
S,A,G,E,T
K,O,B,E,L
G,E,H,R,T
C,A,V,A,N
P,R,I,N,T
M,I,S,C,H
T,I,L,L,S
V,E,L,O,S
S,T,R,I,A
A,L,I,J,A
I,R,R,I,G
K,O,R,K,S
S,T,I,P,P
P,A,I,R,S
S,O,D,O,M
M,O,P,S,E
K,A,D,I,S
A,B,U,J,A
M,O,S,E,R
H,O,N,T,E
H,U,F,S,T
W,E,I,C,H
F,L,U,R,E
S,O,L,I,S
H,U,S,T,E
S,T,R,E,B
N,I,V,A,L
D,O,H,L,E
K,N,A,N,S
B,E,Y,E,N
E,G,O,N,S
T,A,G,T,E
K,O,T,Z,T
B,E,A,M,T
P,I,N,T,E
L,E,I,S,E
B,A,N,S,E
B,O,R,D,E
G,A,N,D,S
F,R,E,M,D
F,I,X,E,T
U,N,I,K,A
B,E,T,U,E
O,M,A,N,S
W,O,E,H,N
N,A,G,E,N
M,O,X,E,N
O,D,E,L,N
L,I,M,I,T
S,O,T,T,S
O,B,E,R,E
D,U,E,N,G
H,U,E,P,F
L,E,P,A,S
D,O,Y,E,N
K,I,P,P,S
L,A,X,E,N
A,E,S,S,E
P,F,E,R,D
K,L,A,N,S
L,U,E,G,T
B,A,R,M,E
P,L,E,N,A
K,O,P,F,S
G,E,S,T,S
B,R,A,E,T
I,M,M,O,S
W,A,L,L,T
F,R,O,E,N
M,O,N,O,M
G,R,E,M,M
S,I,N,A,H
B,U,H,L,T
H,E,L,F,E
G,I,P,S,E
M,U,N,G,O
J,E,L,E,N
F,E,L,I,X
L,A,U,E,S
H,O,L,D,E
O,W,E,N,S
R,U,E,G,E
J,A,G,E,T
K,E,I,L,E
S,A,G,S,T
O,E,L,E,N
S,T,O,E,N
L,I,N,S,T
F,A,N,G,T
P,O,N,T,E
F,I,N,N,E
G,E,O,D,E
P,O,L,T,E
P,E,R,T,H
J,O,D,L,E
F,R,A,N,Z
H,E,M,I,S
H,E,E,R,E
D,R,A,N,G
E,N,Z,I,N
B,L,I,E,B
M,O,R,B,I
M,I,N,U,S
J,O,G,I,S
T,Y,P,T,E
P,A,B,L,O
H,U,R,R,A
B,E,A,M,E
R,U,E,G,T
K,R,U,M,M
P,A,L,S,E
T,U,L,A,S
B,A,D,E,R
J,A,U,L,E
K,O,K,T,E
L,E,D,A,S
C,U,R,I,A
K,L,A,S,S
M,I,N,Z,E
L,I,M,O,S
L,O,B,E,S
R,A,H,N,E
T,Y,P,S,T
N,A,R,E,S
K,A,R,G,T
K,A,I,K,S
H,E,X,A,N
S,I,M,O,N
S,I,T,U,S
K,A,A,B,A
O,M,U,L,E
W,A,B,R,E
A,I,S,C,H
S,A,U,N,E
D,I,N,G,I
B,O,D,E,N
A,L,P,E,N
P,U,M,P,S
S,L,A,W,E
G,U,Y,O,T
S,T,O,C,H
V,A,D,U,Z
S,V,A,N,A
B,E,I,Z,U
M,A,N,N,T
P,R,A,G,S
T,A,P,S,T
W,O,R,A,N
J,E,D,E,M
W,U,R,Z,E
E,U,R,O,S
J,A,N,N,A
L,E,I,T,E
C,L,A,U,S
T,A,N,N,A
B,A,N,G,E
P,I,K,S,E
T,U,E,T,E
M,A,G,D,A
S,A,V,E,N
D,O,X,T,E
H,U,L,K,E
K,U,G,L,E
Z,E,H,E,N
L,E,B,E,T
A,L,L,A,H
K,L,I,M,A
K,E,R,B,E
R,E,S,T,E
E,I,N,E,T
P,U,D,E,R
F,L,U,O,R
G,A,S,E,S
F,U,E,R,S
S,T,A,G,S
C,O,U,P,S
B,A,D,E,N
M,O,D,U,S
L,U,K,E,S
P,U,D,L,E
T,U,E,R,E
R,A,U,C,H
S,U,T,J,E
B,E,E,H,R
H,A,K,S,T
N,A,M,U,R
R,A,G,S,T
V,I,G,I,L
K,O,K,E,L
N,E,B,L,E
S,A,L,M,E
A,A,L,T,E
U,L,K,E,S
T,U,R,M,E
Z,I,V,I,S
T,I,G,O,N
G,A,R,E,T
J,A,B,O,S
D,I,E,B,S
H,O,H,E,R
J,A,R,L,S
B,E,T,A,T
D,R,O,H,E
H,Y,P,E,T
C,R,O,O,N
M,A,U,L,E
S,O,N,D,E
K,U,L,T,E
N,I,M,M,T
L,I,E,K,S
W,I,R,R,E
B,R,A,V,I
L,O,T,E,S
K,O,A,L,A
B,E,R,N,T
G,L,A,N,Z
V,O,P,O,S
K,O,T,E,S
M,U,R,E,T
W,O,N,N,E
D,E,A,L,E
B,A,I,E,N
P,O,R,T,O
F,I,O,N,A
L,U,D,E,R
L,O,I,R,E
T,A,N,G,E
L,E,B,U,S
D,O,C,H,T
K,N,I,F,F
A,N,T,A,U
H,U,H,N,S
S,P,E,L,T
B,L,U,N,T
T,A,N,N,E
L,E,H,M,E
M,A,U,V,E
H,I,E,B,E
A,D,A,M,A
R,O,H,E,M
D,R,A,U,F
A,S,S,E,N
R,O,V,E,R
Z,N,A,I,M
A,F,A,R,S
W,A,T,T,E
A,M,S,E,L
C,A,U,S,A
E,K,L,E,M
P,O,F,E,N
D,I,C,K,T
N,A,R,B,T
D,U,E,N,E
T,E,R,M,S
S,E,I,D,L
B,O,T,O,X
S,K,A,L,P
D,U,N,E,N
R,I,E,B,T
N,A,V,I,S
I,R,E,N,S
J,U,I,S,T
W,A,T,T,S
B,A,S,T,E
N,O,M,A,S
H,O,E,R,N
P,L,A,G,E
F,A,D,E,R
R,A,N,D,S
S,P,O,T,T
D,U,F,F,S
Q,U,I,C,K
F,U,G,S,T
A,L,K,E,R
I,H,D,E,S
S,T,E,H,E
J,U,R,K,E
A,C,H,L,E
S,T,I,M,M
U,N,G,U,T
R,I,E,F,T
S,O,N,G,S
A,U,W,E,I
A,N,N,E,X
M,A,F,I,A
Z,A,P,P,E
A,N,T,O,N
A,C,I,D,S
M,A,N,D,L
G,E,I,L,E
P,I,N,Z,E
L,E,N,A,S
C,R,I,M,E
T,R,U,C,K
P,E,R,M,S
L,E,I,B,E
S,A,U,G,T
F,E,I,X,E
W,O,B,E,R
B,E,R,M,E
R,A,B,E,N
B,L,U,T,S
G,E,R,M,S
P,A,L,S,T
C,L,O,W,N
A,Z,Y,M,A
H,I,E,L,T
L,U,E,P,F
T,A,N,D,S
H,A,K,E,L
G,I,F,T,E
L,U,G,T,E
L,A,I,C,H
P,E,N,N,Y
E,R,W,I,N
S,T,U,R,Z
P,U,M,P,F
S,T,E,G,E
H,A,S,E,N
M,A,P,P,T
G,U,A,N,O
R,E,V,U,E
A,N,K,R,E
J,O,K,U,S
V,I,T,U,S
A,A,S,E,S
P,U,T,T,I
G,R,A,U,E
T,A,F,L,E
Z,E,S,E,L
R,O,S,S,E
B,L,U,F,F
F,A,S,R,E
G,R,E,I,N
A,S,E,R,N
F,U,R,R,Y
D,A,K,E,R
T,R,O,E,L
B,O,S,O,N
R,E,E,P,S
S,I,R,U,P
D,A,W,A,I
J,A,M,M,E
S,L,I,P,P
H,A,I,E,S
K,L,A,U,T
L,E,B,S,T
M,I,C,H,I
L,A,N,G,E
C,A,L,L,S
S,T,R,O,M
S,I,L,A,U
K,R,A,I,N
F,A,L,B,E
E,N,D,E,S
B,E,H,U,F
R,I,N,G,O
M,A,N,D,A
K,R,A,E,H
G,R,I,M,M
F,A,R,N,S
E,K,Z,E,M
G,A,S,A,S
K,E,H,L,T
G,O,S,S,E
L,O,T,E,N
R,U,F,E,S
K,A,R,O,K
W,I,C,K,E
M,A,U,S,T
C,H,O,K,E
Q,U,E,U,E
K,R,E,M,L
B,R,U,E,H
L,E,T,Z,E
P,O,L,C,H
B,O,E,E,N
B,A,L,T,E
U,M,M,A,L
Q,U,O,R,R
B,O,R,N,A
W,A,G,E,T
T,I,N,G,S
S,O,H,N,E
B,O,E,S,E
Q,U,A,N,T
H,A,E,R,M
D,I,S,S,T
E,F,E,U,S
L,O,E,C,K
G,E,S,T,E
W,O,L,O,F
S,P,E,I,T
A,P,R,I,L
D,U,N,E,R
O,S,T,E,N
S,T,U,T,E
B,E,E,R,B
B,U,T,C,H
H,O,L,L,A
Y,A,E,R,B
W,O,K,E,R
B,I,D,E,T
E,U,L,A,N
Z,A,U,N,S
S,U,D,L,E
M,A,R,K,S
U,N,T,I,G
S,I,L,K,S
Z,A,G,E,T
F,R,E,I,T
D,A,V,I,T
M,O,T,E,L
G,E,R,B,E
B,A,R,D,O
H,A,R,F,T
G,R,I,O,T
M,E,M,E,L
U,N,F,U,G
L,E,N,Z,E
H,E,L,M,E
F,U,E,X,E
J,E,N,E,N
Z,O,R,N,E
G,A,S,S,I
S,T,E,R,T
W,A,N,Z,T
W,E,I,N,T
M,A,L,E,R
G,A,U,R,S
M,U,M,P,S
O,M,A,N,I
H,A,I,T,I
S,H,I,S,H
L,A,C,K,E
K,A,T,Z,E
V,O,G,U,E
L,A,S,E,N
M,O,R,S,T
B,O,S,L,E
A,L,L,E,M
D,U,E,N,N
P,I,R,N,A
S,P,U,E,L
W,U,M,M,E
R,A,B,E,A
W,E,L,F,E
D,O,R,R,T
B,A,A,K,S
C,O,V,R,E
M,U,R,G,S
G,I,E,R,S
A,B,E,R,N
K,U,B,A,N
M,U,R,R,E
L,A,D,E,N
L,I,G,E,R
M,U,H,M,E
P,O,O,P,S
S,C,A,N,N
M,I,E,Z,E
F,I,E,T,E
R,E,C,K,E
W,O,V,O,N
B,A,U,M,E
T,O,P,A,S
H,U,B,E,R
U,M,T,O,B
T,E,N,N,E
M,A,L,A,D
A,R,L,T,S
W,I,P,P,T
H,A,A,C,K
S,A,H,N,E
H,A,B,I,L
W,A,N,D,A
T,S,U,B,A
P,F,A,F,F
B,U,A,C,H
S,P,O,R,N
T,E,W,E,T
W,I,R,K,E
D,O,J,O,S
V,A,G,E,N
A,L,L,E,S
H,A,E,M,T
K,A,H,B,A
B,A,L,G,T
A,B,I,A,M
K,O,B,A,N
S,E,H,E,N
T,E,A,M,S
C,H,I,N,O
K,A,E,S,E
E,R,B,O,T
L,A,U,B,E
S,P,R,A,Y
M,U,G,G,E
A,N,T,I,K
U,K,A,S,E
E,I,D,E,N
K,A,U,F,E
T,E,L,E,N
B,U,N,D,S
A,D,I,G,E
B,A,E,T,E
H,E,X,E,T
B,I,K,E,S
M,I,N,T,E
L,E,R,N,T
G,R,A,S,T
A,N,B,E,I
T,U,D,O,R
E,I,S,E,T
D,E,L,L,T
E,T,H,I,K
H,I,P,P,O
R,O,S,T,E
D,O,G,G,E
R,O,S,E,L
O,V,A,L,E
P,U,M,P,T
G,O,R,E,S
G,A,E,B,E
N,A,B,O,B
T,R,E,C,K
T,U,B,E,R
S,T,U,D,I
H,E,L,A,U
T,O,L,L,E
T,A,R,N,T
F,O,R,U,M
W,I,F,I,S
L,A,E,N,G
A,A,L,L,S
B,R,A,C,K
O,K,U,L,I
A,B,E,E,S
S,L,I,M,T
P,F,L,O,G
E,R,R,E,G
H,E,M,M,E
G,A,T,T,E
T,O,P,O,S
H,E,U,E,N
A,C,K,E,R
S,U,L,K,Y
N,E,U,N,E
A,E,S,E,T
I,H,R,E,M
H,E,C,K,E
F,O,K,A,L
F,I,R,S,T
R,U,T,E,N
S,E,I,D,E
D,O,M,E,N
E,X,P,O,S
I,N,S,E,L
T,H,I,L,O
F,R,O,N,T
R,I,G,O,L
G,E,N,O,M
S,E,M,I,T
H,U,R,E,T
E,I,G,E,N
A,L,M,A,S
S,E,G,E,N
W,E,N,D,E
O,R,B,I,T
Z,O,T,I,G
B,A,R,S,T
A,C,R,E,S
U,R,A,L,S
J,U,L,I,E
R,A,I,N,E
K,N,E,I,S
K,Y,M,A,S
P,U,T,E,N
R,O,E,R,D
R,O,B,B,T
K,R,I,E,G
R,O,H,E,R
H,O,E,R,I
B,L,I,N,D
V,I,N,K,O
T,H,A,I,S
Z,U,H,A,T
S,T,I,E,R
T,R,U,H,E
F,L,E,N,Z
B,A,E,U,M
G,L,A,S,S
G,R,I,N,D
C,L,E,A,N
L,A,B,E,N
M,I,A,U,S
M,O,E,G,T
A,E,S,T,E
F,O,R,T,S
S,W,A,G,S
N,A,H,U,M
M,A,I,S,S
K,R,U,S,E
G,I,C,H,T
O,U,T,E,T
P,R,E,I,S
H,A,L,T,S
T,O,P,P,T
T,R,I,F,F
S,C,H,A,H
N,A,S,S,E
F,E,T,A,S
N,E,R,I,S
K,R,A,M,E
H,A,U,C,H
B,U,E,R,O
G,I,K,S,E
K,A,P,P,T
L,A,S,U,R
B,I,K,S,T
A,N,L,A,G
H,U,S,C,H
B,E,T,T,E
N,A,P,P,O
R,E,V,A,L
A,B,D,A,S
F,E,H,L,S
L,U,G,S,T
D,E,A,L,S
S,T,E,Y,R
G,A,N,G,E
R,A,G,E,T
F,E,D,D,O
K,O,E,G,E
R,E,I,Z,T
S,I,L,U,R
T,R,U,P,P
T,A,K,E,M
S,T,I,C,H
S,C,U,D,O
F,O,U,L,S
W,E,R,T,E
M,U,F,F,S
K,A,U,E,T
Z,I,N,S,E
M,A,L,I,K
S,I,S,A,L
H,A,H,N,E
N,U,R,S,E
R,U,E,H,R
K,L,O,T,Z
W,R,A,C,K
S,L,I,P,S
N,O,V,U,M
O,D,E,M,S
B,O,J,E,N
Z,W,E,C,K
D,A,E,M,M
D,I,N,G,T
A,M,R,U,M
S,Y,K,E,S
P,A,A,R,E
L,U,Z,I,D
N,A,H,I,E
P,E,N,N,T
T,A,K,E,L
B,U,H,N,E
S,E,H,N,E
M,A,N,T,A
B,R,O,T,S
S,A,L,A,M
L,O,H,N,S
S,I,C,H,T
H,E,M,M,T
O,L,I,V,E
G,L,A,U,K
T,A,P,E,R
W,E,L,T,S
S,P,A,L,T
B,E,I,N,S
P,A,U,K,E
E,I,N,I,G
B,O,E,G,E
E,R,B,S,E
U,R,A,H,N
E,T,H,A,N
O,N,E,R,A
T,A,P,P,E
F,U,R,T,H
Z,A,E,H,L
B,U,L,I,N
K,A,L,K,T
S,E,I,N,E
K,O,R,A,N
A,F,F,E,N
M,A,N,G,O
J,E,A,N,S
C,A,L,B,E
D,E,B,E,T
O,K,T,A,L
K,N,O,R,R
M,U,S,S,E
L,O,F,T,S
A,B,A,R,T
L,A,S,S,T
D,I,E,H,L
P,L,A,U,S
H,E,N,A,N
A,B,B,A,U
D,O,N,A,R
B,U,D,E,R
B,I,E,S,E
S,E,I,T,E
D,A,M,N,A
P,I,K,E,S
W,A,G,E,N
B,E,R,G,E
R,A,P,I,D
D,O,S,S,E
B,I,L,L,E
S,O,P,O,R
G,E,H,S,T
M,U,S,T,E
M,E,T,Z,G
A,R,P,A,D
H,U,R,S,T
K,U,D,O,S
A,B,Z,O,G
P,I,P,I,S
A,E,L,T,E
O,S,K,E,S
G,U,E,R,T
A,R,G,E,S
R,O,C,K,S
T,R,A,U,F
S,A,U,T,E
N,E,T,T,E
P,I,E,P,S
A,E,T,Z,T
C,H,U,N,K
A,E,R,A,R
N,O,N,A,N
R,E,G,T,E
V,A,C,K,E
E,R,N,S,T
E,H,R,E,T
L,O,B,E,T
D,I,O,D,E
R,U,M,E,N
J,A,U,L,T
H,E,R,Z,E
R,O,T,H,S
W,I,L,D,E
B,A,B,Y,S
D,O,C,K,T
R,A,N,K,T
L,A,U,G,E
A,L,A,R,M
L,O,S,E,S
H,A,R,K,T
E,L,B,E,N
H,A,F,F,E
T,A,U,P,E
B,E,N,A,G
S,I,E,G,E
B,I,S,O,N
D,O,P,E,N
V,A,R,I,A
L,O,C,K,T
W,I,F,O,S
Z,I,P,P,E
S,A,C,H,E
E,G,A,L,E
O,W,N,E,N
M,I,N,O,S
G,U,S,L,A
L,E,I,M,E
L,U,T,T,E
W,A,S,C,H
T,U,R,A,S
C,I,N,D,Y
S,T,E,I,G
Y,A,W,L,S
S,A,R,G,S
T,A,B,A,K
D,O,K,U,S
T,A,S,S,E
H,Y,M,E,N
B,A,R,B,I
T,R,U,T,E
L,E,I,R,E
S,N,A,C,K
I,N,D,I,O
K,U,R,E,N
R,E,G,N,A
S,A,T,T,E
R,A,U,E,M
A,N,H,A,T
G,E,R,A,S
J,O,G,G,T
Y,V,O,N,N
F,R,E,T,T
V,O,K,A,L
T,A,M,I,L
I,P,P,E,N
L,E,H,E,N
C,H,E,F,S
B,E,C,K,E
I,D,I,S,T
M,I,E,F,T
R,O,E,S,T
D,R,E,H,S
D,A,V,O,N
R,E,I,H,T
M,A,T,T,E
R,O,H,R,T
H,A,D,E,R
B,I,B,E,R
S,E,L,B,E
M,I,K,R,O
M,Y,T,H,E
A,R,A,D,S
J,I,N,A,S
N,A,E,S,S
K,O,M,I,S
K,A,U,S,T
T,H,I,O,L
H,O,B,E,N
B,E,J,A,H
A,R,T,U,R
S,T,Y,L,I
W,I,N,K,T
D,O,R,F,S
Z,I,M,T,E
F,L,O,H,S
S,T,A,D,T
F,E,M,E,L
B,L,A,E,H
B,R,E,V,E
M,O,H,R,E
V,O,I,P,E
B,R,O,T,E
C,O,O,L,E
M,A,N,I,E
N,I,L,L,S
K,O,D,E,X
M,A,Y,E,N
P,I,K,S,T
M,A,R,I,E
H,O,B,B,Y
A,S,P,I,E
M,I,S,S,A
S,W,A,T,I
H,U,M,S,T
S,U,R,F,T
K,A,U,E,R
F,L,O,R,E
A,K,I,A,S
S,O,J,A,S
R,A,D,I,O
O,E,S,I,S
D,A,N,K,S
Z,I,R,K,A
H,O,N,K,S
A,A,S,E,T
A,L,W,I,N
B,E,E,R,D
N,O,M,A,E
T,I,F,F,Y
S,E,T,Z,T
S,O,R,R,Y
F,R,O,H,E
F,I,E,L,T
F,L,O,R,A
W,I,R,T,S
R,I,G,O,R
U,M,L,U,D
H,A,N,G,S
L,O,I,T,S
E,A,G,L,E
W,E,B,E,R
S,A,H,T,I
F,L,A,R,E
F,A,X,E,T
W,E,I,H,E
K,A,S,S,A
G,L,E,I,T
D,A,T,E,N
T,O,E,L,T
H,A,B,E,R
M,A,E,S,T
D,A,R,M,E
A,E,B,E,R
R,E,U,T,E
M,A,H,R,S
G,E,E,K,S
J,A,K,O,B
B,O,I,E,R
M,E,N,K,E
S,C,R,I,P
F,A,B,E,L
P,U,R,R,T
K,A,E,M,M
R,E,I,K,I
Z,A,C,H,S
D,R,E,H,T
B,U,E,R,D
L,O,D,I,S
H,U,R,E,N
C,H,O,R,E
G,A,E,A,S
K,O,M,I,K
S,T,U,H,L
G,U,N,S,T
T,A,G,S,T
M,I,K,W,E
H,A,D,R,E
A,M,M,E,N
B,O,R,D,S
D,U,S,E,L
C,H,I,P,P
R,U,S,S,E
H,A,N,A,U
F,R,U,G,T
O,B,S,T,E
H,U,D,R,E
T,A,P,E,T
S,A,E,G,E
W,A,T,E,T
D,A,U,E,R
F,R,A,G,E
H,U,J,U,S
G,E,L,S,E
I,C,O,N,S
J,E,U,T,E
R,U,A,S,A
R,A,G,T,E
F,O,U,L,E
S,Y,R,E,R
K,N,U,S,T
U,S,E,R,S
I,M,A,G,O
A,D,L,I,G
L,I,E,B,T
R,A,D,A,U
H,A,S,C,H
S,P,E,N,D
A,A,L,E,T
N,I,N,J,A
T,A,G,E,S
V,O,L,T,S
M,A,N,K,O
W,I,Y,O,T
R,I,E,D,E
Y,O,G,I,S
P,E,T,R,A
G,O,S,E,N
U,R,A,L,T
S,P,E,L,L
R,E,E,M,T
M,U,Z,A,K
H,A,D,A,L
C,E,N,T,S
K,A,L,L,I
T,W,E,N,S
F,E,L,G,E
N,E,U,R,E
W,E,H,T,E
A,B,G,A,B
W,A,D,I,S
O,D,I,N,S
F,R,A,C,K
J,E,N,E,M
A,L,L,Z,U
F,A,L,L,T
R,O,H,R,S
R,I,O,J,A
H,U,T,E,S
H,A,F,E,N
K,E,I,L,S
T,E,I,L,E
B,L,A,C,H
K,U,D,R,E
B,O,E,I,G
B,U,F,F,O
I,B,I,Z,A
A,U,L,E,T
H,I,C,K,S
M,E,T,A,L
K,N,U,T,E
M,E,I,E,R
Z,O,R,N,S
K,U,C,K,E
T,I,P,I,S
N,I,E,T,E
B,U,R,I,N
O,E,H,M,D
A,U,T,O,S
H,A,U,B,E
E,N,N,E,T
O,B,H,U,T
J,U,B,L,E
B,E,H,A,U
K,U,E,N,D
N,A,S,H,I
P,E,T,Z,E
D,U,Z,T,E
G,U,P,F,E
P,I,N,K,E
M,I,T,T,E
M,O,O,S,T
L,I,L,L,I
P,O,H,L,S
H,E,L,L,E
H,E,I,D,E
W,U,R,S,T
R,I,G,A,S
O,R,L,O,G
J,A,S,O,N
K,O,R,E,N
S,U,R,F,E
Z,O,L,L,E
K,L,E,I,N
K,L,I,C,K
C,A,J,O,N
T,A,P,E,S
G,O,O,F,Y
A,S,T,E,S
F,A,D,E,M
J,I,L,K,E
L,I,L,I,E
S,U,D,E,S
G,E,I,S,T
G,L,E,I,S
G,I,B,S,T
K,A,F,K,A
Z,E,S,T,E
F,L,I,N,K
A,D,A,M,S
T,A,T,E,N
V,A,G,E,S
T,H,U,N,S
L,I,P,O,M
S,O,C,K,T
D,O,S,I,S
J,U,Z,E,S
S,P,O,R,T
P,U,P,E,N
W,E,D,R,O
K,L,E,I,E
J,U,X,E,S
K,O,R,S,E
P,I,N,N,T
B,R,U,N,O
P,I,S,S,E
A,R,M,U,T
T,A,P,S,E
A,U,T,O,R
N,A,H,E,R
T,A,P,I,R
D,A,R,I,N
J,O,H,L,E
I,M,A,G,E
T,H,A,Y,A
T,U,B,E,L
R,U,C,H,S
S,O,N,E,N
R,E,I,N,E
B,E,D,E,N
O,D,O,R,S
R,E,I,M,S
K,O,M,B,I
P,I,N,T,S
A,L,E,R,T
A,L,S,E,N
H,O,Y,M,S
P,L,O,C,K
I,D,A,H,O
S,E,I,S,T
B,I,M,S,T
K,A,S,U,S
U,V,A,L,A
L,E,I,H,E
S,O,N,O,R
K,E,N,D,O
R,I,E,B,E
S,O,F,A,S
S,T,A,B,E
S,E,C,H,S
H,A,S,E,L
B,L,U,T,T
E,L,E,N,A
S,P,I,E,T
L,E,I,N,S
Z,E,C,H,T
F,I,L,M,E
K,A,N,U,S
C,L,O,U,D
S,W,A,M,I
L,E,B,T,E
M,E,L,K,S
F,R,U,E,H
S,O,U,K,S
Z,A,M,B,A
J,A,H,R,S
T,A,R,A,N
L,U,P,F,T
W,A,L,Z,E
H,E,H,L,T
O,M,A,M,A
J,U,L,I,S
B,E,H,A,G
K,E,T,E,L
U,S,E,R,N
N,U,T,E,T
F,L,A,X,E
U,N,I,O,N
M,A,P,P,E
F,R,E,A,K
A,R,O,M,A
C,H,I,P,S
M,I,X,E,N
T,R,I,E,L
L,E,I,B,S
L,E,H,M,S
G,O,L,L,E
N,A,N,N,Y
A,U,S,S,I
H,A,R,T,E
V,E,S,P,A
S,P,A,E,H
H,U,S,A,R
R,A,S,S,E
S,E,I,M,S
R,E,S,T,S
L,E,A,S,T
N,A,H,M,T
J,I,H,A,D
D,R,O,H,N
A,B,B,O,S
F,A,E,L,L
R,A,M,M,T
H,E,L,B,E
G,I,R,R,T
O,L,Y,M,P
N,A,T,I,V
R,O,S,E,N
D,E,N,E,N
K,U,R,T,E
H,Y,P,T,E
M,A,J,O,S
M,E,T,R,A
H,A,L,S,E
Z,I,P,P,T
M,E,H,R,E
S,U,D,R,E
N,O,X,E,N
F,A,D,E,N
T,A,K,T,E
P,A,L,E,T
M,O,H,E,L
P,A,S,T,A
R,I,F,F,S
A,A,K,E,S
I,N,N,I,G
K,E,H,L,E
W,U,M,M,S
N,A,R,B,E
A,T,H,O,S
F,R,A,N,K
H,U,D,E,R
P,A,P,E,R
P,U,R,R,E
P,A,R,E,O
S,E,R,I,E
A,E,F,F,T
H,A,E,L,T
F,A,U,N,S
F,A,C,H,T
L,U,C,K,A
R,A,U,P,E
T,O,U,R,E
A,D,D,E,T
B,O,S,E,L
T,I,T,E,L
I,A,H,E,N
M,A,Y,A,S
Y,A,C,H,T
O,B,I,G,E
T,H,O,R,A
V,I,D,E,O
A,B,K,A,M
H,E,X,T,E
B,I,N,O,M
W,E,I,S,E
E,I,F,E,R
J,U,R,Y,S
I,W,A,N,S
B,E,F,U,G
P,I,P,O,X
M,I,N,S,T
V,E,R,B,S
N,I,E,S,T
E,R,A,T,O
I,N,T,U,S
D,O,E,N,S
F,U,N,D,E
W,U,R,D,E
R,O,U,G,E
D,E,Z,I,L
U,L,K,E,N
A,M,M,A,N
M,O,L,L,E
R,E,G,N,E
F,R,O,M,M
P,A,C,K,E
N,A,F,R,I
S,P,I,N,N
J,A,F,F,A
T,U,N,T,E
M,I,L,I,Z
R,U,F,S,T
M,E,Y,E,R
W,I,E,G,E
F,E,N,N,E
W,R,A,N,G
B,E,S,E,N
W,A,N,G,E
N,A,R,R,T
D,O,G,O,N
X,O,A,N,A
B,L,O,E,D
P,R,I,M,E
P,U,N,K,T
H,E,U,E,T
W,A,L,K,E
U,N,A,R,T
I,S,M,E,N
S,T,A,U,T
S,K,Y,P,E
R,U,R,A,L
C,H,I,N,A
B,U,G,G,Y
B,A,S,R,A
B,E,B,S,T
M,O,N,E,M
W,U,N,E,N
B,U,E,C,K
B,L,A,U,S
E,K,L,E,R
N,E,I,N,E
K,O,L,I,K
H,E,X,E,N
F,U,G,E,T
E,N,T,R,E
S,A,X,E,N
K,L,A,G,T
L,A,X,E,M
S,T,A,N,D
C,O,D,O,N
U,M,G,I,B
U,R,O,P,A
C,O,B,L,A
K,R,A,C,H
I,T,E,M,S
L,U,E,T,T
S,A,L,Z,T
P,O,E,L,Z
J,U,M,P,E
F,A,S,S,T
A,G,O,R,A
L,Y,D,I,A
K,O,P,P,S
K,L,A,R,E
R,U,I,N,E
U,L,M,E,N
D,A,R,U,M
Z,I,C,K,E
V,I,R,I,A
Q,U,I,R,L
B,O,X,E,N
Z,U,S,A,H
M,O,L,L,S
G,E,B,O,T
S,P,A,C,K
K,A,M,M,S
C,O,D,E,X
B,I,S,T,E
S,P,A,E,T
G,E,R,E,U
G,L,A,T,T
D,A,R,E,M
P,I,A,N,S
P,O,T,T,E
S,A,S,S,E
P,A,S,T,E
G,E,R,B,T
N,E,N,N,E
C,H,A,N,S
K,O,P,P,E
E,V,E,N,T
S,T,A,B,S
L,O,H,E,N
E,X,E,N,D
R,E,F,F,T
D,A,M,I,T
C,H,A,N,E
T,U,T,O,R
W,U,E,T,E
A,L,K,E,N
K,U,L,M,S
O,E,S,E,N
M,A,L,T,A
K,R,I,M,I
R,E,H,E,S
H,E,I,E,R
N,U,G,A,T
G,A,U,C,H
D,E,G,U,S
R,E,L,A,X
S,O,L,D,E
H,A,G,T,E
H,A,L,L,T
D,I,N,E,R
O,B,E,R,S
G,O,T,H,A
K,U,E,S,S
S,T,A,U,N
G,O,L,A,N
K,E,C,K,E
T,U,B,E,N
K,L,U,G,E
T,H,E,M,A
L,A,U,S,E
O,R,G,E,L
T,I,L,G,E
G,A,M,E,N
A,N,L,O,G
L,A,U,N,E
F,A,M,O,S
A,K,T,I,E
K,I,E,Z,E
G,O,E,N,N
R,E,G,E,T
A,L,T,R,E
F,E,R,N,T
S,A,F,E,S
R,A,F,F,E
A,N,H,U,B
T,O,W,E,R
A,K,E,N,S
S,A,R,I,N
K,L,I,E,B
W,O,L,F,F
J,U,N,G,E
K,R,A,N,S
S,A,C,H,A
J,U,C,H,E
N,A,E,H,R
F,E,N,C,E
S,U,D,E,L
P,I,A,N,I
L,E,C,K,S
P,U,R,E,M
K,L,U,F,T
Z,U,S,A,G
M,A,L,V,E
L,I,P,P,E
W,E,S,E,L
F,L,U,T,E
W,E,R,N,E
A,M,O,K,S
D,I,X,I,S
K,O,M,M,T
D,I,E,T,A
P,L,A,T,T
L,E,I,H,T
G,A,R,E,M
Z,A,G,T,E
G,E,O,R,G
P,A,R,I,A
W,A,A,L,E
E,R,H,O,L
U,E,B,E,N
M,U,L,I,S
H,I,F,E,L
G,E,I,E,T
H,E,I,M,S
G,A,B,E,L
K,A,C,K,E
A,H,N,S,T
S,E,I,M,E
I,H,N,E,S
R,I,E,C,H
A,H,N,D,E
N,O,W,A,K
B,E,L,O,B
H,A,X,L,N
C,H,L,O,R
N,O,E,M,I
E,L,F,T,E
B,A,L,S,A
G,R,A,D,S
F,E,G,E,N
T,A,U,E,N
D,A,V,O,S
W,O,M,I,T
G,L,I,M,A
E,L,C,H,S
W,A,R,S,T
G,E,D,E,R
F,R,A,S,S
D,O,R,R,E
N,A,M,I,B
E,I,L,I,G
T,I,L,L,T
G,E,U,Z,T
K,O,K,L,E
A,G,I,O,S
A,M,O,R,S
E,R,W,O,B
E,U,G,E,N
B,R,E,Z,N
M,O,P,P,T
F,E,R,N,E
N,A,C,H,T
F,U,N,K,T
K,O,B,O,T
L,A,N,D,S
M,E,L,K,E
K,R,E,D,O
B,O,E,T,E
Q,U,E,L,L
B,R,E,S,T
D,Y,U,L,A
A,K,O,L,A
S,P,U,K,S
C,R,O,S,S
G,E,N,A,S
B,E,W,O,G
C,H,R,I,S
B,R,I,E,T
H,U,K,E,S
G,E,H,L,E
I,D,I,O,T
G,I,N,S,T
S,O,L,I,D
K,O,H,T,E
H,O,M,A,N
S,O,Z,I,I
U,Z,E,N,D
F,L,O,P,S
B,A,A,D,E
K,U,R,V,T
C,I,Z,E,K
D,E,R,E,N
M,N,E,M,E
K,U,R,Z,E
S,P,E,C,K
S,E,I,L,E
K,A,S,T,E
A,B,L,U,D
H,E,R,O,S
E,L,Z,E,S
R,A,U,E,S
W,E,R,R,A
M,U,L,L,A
B,E,I,G,T
U,M,Z,O,N
W,E,I,N,E
K,E,R,B,T
H,I,A,T,E
W,E,R,S,T
E,L,I,T,E
E,R,S,T,I
T,A,U,G,E
G,R,E,T,Z
E,H,R,T,E
R,E,N,E,S
G,R,U,E,N
H,E,R,D,E
Y,A,P,O,K
F,R,A,G,T
G,N,E,I,S
S,O,G,E,N
P,A,T,I,N
I,R,A,N,S
E,N,G,E,L
S,O,L,M,S
E,W,E,R,T
A,M,B,E,N
S,O,G,S,T
D,A,L,L,I
F,L,I,P,P
R,O,N,D,E
T,O,D,D,Y
H,A,R,K,E
N,A,N,C,Y
G,R,O,O,M
A,N,H,U,I
E,U,E,R,E
W,A,E,L,L
S,E,N,D,E
W,U,M,P,E
H,O,L,E,N
K,O,N,T,O
W,I,N,K,E
M,A,R,E,S
S,K,U,L,D
B,R,A,C,H
L,A,D,E,T
B,O,E,E,L
K,R,U,K,E
M,A,S,T,S
A,B,T,E,S
T,U,P,F,S
F,I,L,Z,T
G,R,O,B,E
S,A,N,G,O
H,E,U,L,T
Z,A,M,A,K
D,E,N,K,E
W,E,C,K,S
B,U,R,S,T
K,A,R,S,T
F,E,I,G,E
D,A,K,A,R
L,A,U,T,A
O,R,D,N,E
R,A,S,E,N
E,B,N,I,T
M,A,K,R,A
M,O,D,A,L
E,R,L,O,T
C,L,A,R,E
A,G,R,I,A
R,E,C,K,S
U,M,A,M,I
G,I,L,B,E
G,E,T,A,N
K,R,A,U,E
T,R,I,M,M
K,A,R,G,E
W,A,N,S,T
W,A,R,N,E
O,P,E,R,A
B,U,B,I,S
T,U,P,P,T
S,U,R,E,N
T,A,U,S,T
K,L,O,P,S
D,U,T,Z,T
A,H,A,U,S
A,L,G,E,R
P,I,S,T,E
S,I,E,G,T
A,L,T,E,R
H,Y,A,D,E
B,A,N,J,A
F,E,T,T,E
K,I,O,T,O
E,I,D,A,M
A,L,T,E,S
R,E,N,N,T
A,K,K,U,S
D,A,H,A,T
B,A,C,K,T
F,O,L,I,O
T,A,R,E,N
H,O,Y,A,S
N,E,G,U,S
V,I,F,E,N
G,R,U,S,S
R,A,D,L,N
F,E,S,T,E
P,L,E,N,K
B,E,T,E,T
K,U,E,R,E
W,O,R,I,N
T,I,B,E,T
A,D,R,A,R
F,R,O,R,T
R,U,H,I,G
S,I,M,S,E
S,E,G,G,E
C,H,R,O,M
L,I,K,E,S
K,L,A,N,G
S,O,T,E,R
O,R,T,E,T
A,B,T,A,T
B,E,M,B,A
B,U,D,R,E
L,A,H,A,R
E,I,N,S,T
Z,A,B,E,L
I,S,N,Y,S
K,U,R,I,N
A,H,N,E,T
A,K,A,B,A
R,E,G,E,N
M,A,U,E,M
L,O,B,S,T
A,D,N,E,X
T,I,L,L,E
A,X,E,L,S
K,L,U,B,S
B,L,O,G,G
T,U,C,K,E
W,O,L,G,A
T,R,E,F,F
I,G,E,L,N
R,A,U,S,T
H,E,I,A,S
N,E,T,T,O
F,A,U,C,H
A,L,M,E,N
S,O,F,I,A
I,G,E,L,S
S,I,W,A,N
R,E,I,C,H
H,A,N,G,E
N,A,P,P,A
H,O,L,L,Y
M,O,B,I,L
A,S,C,H,S
M,A,E,R,Z
K,O,R,N,S
K,A,N,J,I
H,A,R,E,N
P,R,A,H,M
S,E,N,S,T
L,O,G,I,S
F,O,T,Z,T
T,O,S,E,T
F,R,U,S,T
R,E,I,M,T
S,E,K,T,E
L,O,B,B,Y
P,L,O,P,P
H,I,L,F,T
G,U,A,V,E
V,E,L,U,M
B,U,H,E,N
T,A,M,P,A
B,E,Y,E,R
F,O,L,I,E
D,R,O,H,T
E,S,T,I,N
L,E,N,D,S
B,I,R,T,E
F,I,S,T,E
T,H,A,L,E
S,A,E,E,T
K,O,R,F,U
A,B,B,A,S
L,I,E,F,E
B,O,J,A,R
W,E,L,I,S
M,E,D,I,A
L,U,F,T,E
G,R,I,E,N
B,A,L,G,E
S,E,N,K,E
A,R,G,E,N
P,L,U,T,O
R,E,D,E,N
H,E,T,Z,E
B,A,R,B,E
M,U,M,M,E
W,E,I,B,E
S,A,E,H,T
L,I,G,E,N
Z,A,N,I,S
F,A,H,L,E
F,A,S,E,N
L,O,I,T,Z
W,U,S,E,L
F,A,R,A,D
A,G,A,R,S
K,A,S,A,N
T,U,P,P,E
T,O,E,R,N
N,O,R,N,S
T,U,P,F,T
H,E,R,A,N
S,P,U,T,E
H,A,H,N,S
E,I,N,E,S
A,Z,U,R,S
X,E,T,R,A
F,L,A,G,G
Z,I,E,R,T
K,N,U,D,S
M,E,H,L,T
K,A,H,M,E
L,A,E,S,E
H,E,H,L,S
E,Y,R,I,R
A,N,K,A,M
J,E,T,T,E
P,O,C,K,E
K,R,A,L,E
J,A,G,T,E
F,E,X,E,N
K,O,E,L,N
M,A,L,U,M
V,I,U,R,A
W,O,G,E,T
M,A,R,I,O
L,A,S,S,I
S,A,T,A,N
B,A,D,E,S
G,L,U,E,H
P,O,G,S,T
K,A,M,P,F
T,I,M,O,R
F,E,G,E,T
S,O,L,D,I
W,A,L,T,E
R,A,H,M,S
S,O,C,K,E
S,T,E,T,S
O,B,S,T,S
T,A,N,Z,E
D,A,R,S,S
L,A,E,G,T
L,A,A,C,H
H,A,U,S,T
F,L,A,M,M
S,E,P,I,A
U,E,T,Z,E
E,S,T,E,R
Z,U,L,P,S
B,L,O,C,H
L,I,N,U,X
L,U,D,S,T
R,E,K,E,L
T,U,R,K,O
P,O,W,R,E
K,I,E,M,E
S,A,K,K,O
V,E,L,M,S
S,C,H,M,U
A,L,T,A,S
O,R,E,L,S
B,E,N,O,T
S,P,U,C,K
G,O,T,I,K
H,A,L,L,S
Z,I,V,I,L
K,A,U,T,E
E,X,I,L,S
B,L,U,S,E
H,U,S,S,A
A,G,N,A,T
G,O,R,S,T
F,U,E,H,L
S,A,C,K,T
V,I,Z,E,S
N,E,F,F,E
H,U,K,A,S
T,U,N,E,R
C,A,C,H,T
E,I,N,E,M
K,N,I,E,T
I,N,U,K,S
O,F,F,E,N
B,U,S,C,H
I,N,U,I,T
W,I,M,M,T
G,E,R,A,T
G,U,A,M,S
M,A,L,I,S
M,E,T,E,R
C,A,P,A,S
D,O,L,C,H
B,I,E,R,S
M,O,D,E,M
H,U,L,D,A
K,I,P,P,A
L,A,C,K,L
D,A,U,R,E
C,A,R,L,S
W,E,R,B,T
I,R,R,E,M
E,B,N,E,N
B,I,R,M,A
P,E,N,C,E
L,A,U,S,T
W,U,Z,U,L
U,M,G,E,H
K,E,M,P,O
T,H,A,R,R
R,I,N,N,E
G,R,O,S,S
L,I,K,E,T
V,U,L,V,A
P,R,A,N,Z
B,A,M,B,I
V,I,O,L,A
T,R,A,U,E
M,O,T,T,O
T,U,E,L,L
I,N,D,E,M
H,U,F,E,T
G,O,A,L,S
N,A,G,E,T
P,O,E,H,L
D,A,D,D,Y
N,A,C,K,T
D,E,M,O,S
E,G,G,E,R
D,R,U,D,E
G,U,C,K,T
K,O,J,E,N
G,O,G,E,L
B,R,A,A,I
L,E,U,E,N
L,A,G,E,N
H,E,U,R,E
F,A,H,R,T
B,I,S,E,N
V,E,D,E,N
F,J,E,L,L
P,E,R,L,T
W,A,L,E,I
M,O,N,D,E
M,I,E,S,E
J,O,C,H,S
W,E,R,F,T
W,O,V,O,R
L,U,K,E,N
W,A,L,M,S
A,R,E,N,A
T,U,T,T,E
K,E,L,L,E
L,A,U,F,T
K,L,E,M,M
N,I,E,T,S
R,E,E,L,L
B,A,G,E,L
G,R,E,I,S
S,T,U,T,Z
P,O,L,A,R
O,E,R,E,S
R,I,S,S,E
B,O,R,G,S
H,O,F,F,T
L,I,V,I,N
N,E,I,N,S
B,I,G,E,N
D,O,X,E,N
M,A,K,A,K
E,R,L,E,B
Z,A,H,M,E
F,A,R,N,E
L,O,N,G,E
B,E,T,E,R
F,A,U,L,T
R,E,R,I,K
P,U,L,S,E
L,A,U,F,S
H,O,H,E,S
Q,U,E,E,N
K,I,E,K,E
A,L,A,U,N
S,O,R,B,E
P,A,T,N,A
G,L,I,M,M
E,D,L,E,N
C,U,T,T,E
A,B,B,U,K
T,R,I,E,B
S,O,E,H,N
H,A,A,N,S
H,Y,M,N,E
T,R,O,J,A
H,O,O,G,E
M,A,C,A,O
H,O,W,D,Y
S,O,H,N,S
S,E,R,U,M
W,E,D,E,L
B,A,A,S,E
S,P,I,E,B
B,E,B,A,K
C,H,A,S,S
V,O,G,E,L
J,A,S,S,T
F,A,T,A,L
S,E,L,E,N
F,E,H,E,S
G,O,T,E,N
B,L,I,E,S
E,M,I,R,E
T,O,K,Y,O
L,U,N,T,E
T,U,N,E,S
H,U,F,T,E
R,E,G,S,T
S,T,A,S,I
C,H,E,C,K
T,R,A,C,K
A,M,U,R,S
N,O,N,N,S
T,I,N,T,E
B,E,T,E,L
T,O,E,T,E
S,A,L,U,T
A,N,G,A,B
S,Y,R,A,H
A,Z,O,L,S
A,X,I,A,L
T,A,L,E,R
T,I,P,P,S
B,I,N,G,E
L,A,U,E,R
M,U,F,F,E
C,L,O,G,S
J,A,I,N,A
Z,E,C,H,E
G,A,M,B,E
I,M,A,M,S
G,R,A,B,T
G,A,N,S,U
K,U,E,H,E
H,O,N,S,T
Z,I,R,P,E
L,I,N,U,S
K,U,T,T,E
E,S,T,E,S
R,I,L,L,T
H,E,C,K,S
B,A,P,P,E
D,O,R,F,E
V,A,L,I,N
F,U,R,O,R
A,S,C,H,E
A,L,W,I,S
D,E,E,R,N
E,C,H,O,E
S,O,N,E,S
T,O,N,A,L
U,V,U,L,A
S,T,A,U,F
Z,E,B,R,A
P,U,N,K,S
I,D,E,E,N
S,E,R,B,E
B,I,E,G,E
R,E,U,S,E
N,A,H,E,S
S,T,E,A,K
C,A,R,P,S
T,O,S,K,E
R,A,H,M,E
S,M,A,S,H
Z,I,E,R,E
S,T,A,A,T
D,A,H,M,E
H,O,S,E,T
R,O,H,E,S
D,E,C,A,N
F,R,I,E,S
A,D,D,O,S
S,U,R,E,T
F,I,C,K,S
R,A,N,D,E
H,U,P,S,T
G,R,A,U,L
S,I,A,M,S
O,K,T,A,V
O,P,T,I,K
F,O,U,L,T
S,T,A,R,T
N,O,R,M,E
B,E,K,O,T
A,E,D,I,L
A,E,S,E,R
N,A,D,E,L
H,O,H,N,E
S,A,E,C,K
D,O,S,T,E
C,H,I,C,S
V,I,T,E,N
A,B,A,T,A
M,I,S,T,S
K,R,U,P,P
K,R,I,P,O
H,E,L,M,T
H,O,F,E,S
M,E,N,U,E
M,A,K,E,L
K,A,P,P,E
I,H,R,E,N
T,O,T,A,L
N,A,P,F,S
M,U,L,D,E
T,I,G,E,R
E,T,W,A,S
K,E,S,S,E
J,A,D,E,S
C,A,S,T,E
S,E,X,E,S
I,T,A,K,A
I,L,T,I,S
W,A,R,W,E
B,I,N,G,T
V,I,K,A,R
G,A,B,S,T
B,U,H,L,E
J,O,N,A,H
S,T,U,C,K
A,L,F,A,S
T,R,E,I,F
F,I,N,D,E
I,D,O,L,E
K,A,S,E,L
Z,I,E,L,S
K,N,A,P,P
F,L,A,K,S
H,U,T,E,N
B,I,E,S,T
V,E,R,V,E
N,A,H,T,E
L,E,E,R,E
R,A,U,F,E
E,C,H,T,E
A,P,N,O,E
Z,E,B,U,S
J,E,S,U,S
O,T,A,K,U
H,O,R,T,E
A,B,T,U,E
V,E,S,U,V
S,M,A,R,T
O,H,E,I,M
Q,U,A,R,Z
L,O,S,E,T
Z,W,E,I,E
B,E,W,E,G
B,A,U,M,S
H,O,O,K,E
R,A,U,B,T
P,U,L,E,T
A,D,D,I,S
P,A,L,M,A
B,E,I,S,S
K,N,A,R,R
L,E,M,M,A
M,A,G,R,E
G,L,E,Y,E
B,L,A,S,E
P,A,R,T,E
G,E,L,E,S
B,O,R,T,E
B,A,N,D,S
Z,A,E,H,M
S,T,E,R,N
T,O,G,E,N
E,D,L,E,S
G,L,U,O,N
E,T,Y,M,A
L,E,N,K,E
M,U,E,R,B
B,E,G,A,B
P,E,C,H,S
N,I,P,P,T
H,O,L,M,S
L,A,C,K,T
F,E,S,E,S
L,A,R,V,E
T,E,E,R,S
F,L,O,R,S
N,E,U,N,T
B,A,R,E,N
S,I,F,F,S
U,Z,E,S,T
S,I,E,C,H
O,E,L,E,T
Z,A,P,F,E
G,A,D,E,N
S,P,I,N,D
S,I,R,E,S
D,U,A,L,S
O,C,H,S,E
K,O,L,J,A
H,U,P,F,E
S,C,H,E,R
S,E,I,R,E
T,R,O,E,T
T,E,U,F,T
H,E,X,E,R
M,I,M,T,E
V,E,N,D,A
G,O,L,D,E
G,R,A,B,S
S,C,H,U,R
A,N,I,M,E
D,E,N,D,I
I,M,A,M,E
B,E,C,K,S
B,L,A,T,T
C,L,A,I,M
T,O,K,U,S
B,L,A,G,S
U,L,E,M,A
L,E,E,R,S
S,I,T,Z,E
S,I,L,E,N
B,O,C,K,S
E,B,R,O,S
N,E,R,Z,E
D,E,Z,E,N
S,T,Y,L,T
O,X,E,R,S
T,I,E,F,E
M,O,E,H,N
T,E,S,T,S
B,U,H,S,T
P,A,R,M,A
L,I,E,D,E
A,T,Z,E,T
S,I,L,T,E
S,O,Z,E,N
H,U,S,U,M
R,I,A,D,E
V,I,E,L,S
H,U,M,O,S
B,I,T,O,K
R,E,B,L,E
S,I,N,G,T
R,E,A,L,E
E,D,L,E,M
K,A,J,A,K
K,E,I,F,T
S,K,A,L,A
J,A,S,S,Y
G,L,A,N,S
C,L,O,U,S
S,A,R,A,H
L,A,B,T,E
P,R,E,S,S
E,G,G,S,T
P,I,X,E,L
A,M,M,E,R
G,E,L,E,M
M,A,M,M,A
H,E,U,S,S
L,A,E,H,M
M,E,I,N,S
C,Y,R,U,S
B,R,A,R,E
S,O,L,D,O
N,U,T,T,E
K,O,C,H,S
S,U,M,M,E
M,U,R,E,N
F,A,L,T,E
K,R,A,P,P
H,A,R,Z,E
H,A,I,E,N
F,L,O,E,H
A,T,A,I,R
K,A,N,O,N
P,A,R,I,S
D,R,I,F,T
G,E,L,E,N
Y,O,G,A,S
G,E,Y,E,R
G,E,N,A,U
H,A,R,T,S
T,O,L,L,T
B,A,N,A,L
J,A,G,S,T
H,O,E,H,T
I,M,M,U,N
O,H,M,E,N
L,O,L,C,H
A,I,T,E,L
N,O,D,U,S
M,A,M,M,E
P,I,E,P,T
A,G,G,O,S
R,A,D,E,L
J,A,E,H,E
A,S,C,O,T
J,E,D,E,N
W,A,D,E,N
M,I,G,D,A
V,O,R,I,G
I,N,T,I,S
D,U,E,N,A
P,A,E,N,Z
L,A,I,B,S
G,N,O,M,S
E,D,D,A,S
P,A,C,K,T
L,O,S,C,H
T,R,O,G,T
V,E,T,O,S
E,I,S,T,E
B,A,H,N,T
D,I,M,E,R
S,H,O,P,S
S,T,U,P,S
M,E,T,Z,E
P,L,A,Y,A
H,I,E,V,T
T,U,W,A,S
Z,I,L,L,E
A,N,L,A,S
F,L,A,C,H
G,A,U,C,K
Y,O,M,U,D
M,A,C,H,E
A,S,T,A,T
L,E,E,Z,E
G,E,I,Z,E
T,O,P,F,T
M,A,N,C,H
B,R,E,I,E
E,I,L,E,T
K,O,S,A,K
H,I,N,Z,U
T,A,U,B,E
B,U,C,H,S
E,T,H,I,N
B,U,E,S,S
S,U,E,S,S
E,H,R,S,T
T,E,I,L,S
G,L,U,C,K
T,R,U,E,B
T,I,L,D,E
S,P,U,L,T
L,A,T,Z,T
S,C,H,E,M
A,S,P,I,K
B,E,E,T,E
S,T,A,R,B
N,E,N,Z,E
R,A,I,N,S
W,I,E,H,L
W,E,H,E,T
D,E,K,A,S
T,H,E,T,A
K,U,E,R,Z
U,R,I,G,E
T,O,R,F,S
G,E,R,T,E
L,O,S,E,M
Z,A,H,L,T
W,O,L,L,E
M,O,O,S,E
K,E,U,L,E
B,O,G,E,N
S,A,R,D,E
A,H,N,E,N
S,E,P,T,A
F,A,S,A,N
Z,O,F,F,S
P,F,A,D,S
S,E,P,O,Y
B,U,B,T,E
E,I,N,T,E
D,E,U,C,E
R,I,Y,A,L
T,U,T,E,N
A,C,H,I,M
T,I,L,T,E
A,T,Z,T,E
T,R,A,U,T
L,U,D,E,N
G,A,R,E,S
Z,U,C,K,T
G,L,O,T,Z
S,T,E,R,Z
O,E,S,U,M
Z,I,E,L,T
G,L,A,S,E
G,E,C,K,O
S,P,E,Z,L
L,I,V,I,D
W,A,R,A,N
T,O,E,R,T
A,N,D,A,U
O,S,T,E,T
K,A,P,P,A
M,E,L,K,T
K,O,K,O,S
T,R,E,U,E
J,U,E,N,G
R,A,N,G,T
E,L,F,E,R
D,E,T,O,X
B,L,O,E,K
B,E,L,T,S
G,R,O,G,S
B,U,S,S,I
F,U,N,K,E
P,R,O,S,T
F,L,O,H,E
F,A,S,C,H
B,I,R,K,E
S,I,L,O,S
I,G,B,O,S
T,I,M,E,T
N,O,C,K,E
K,A,R,O,N
W,E,S,P,E
B,E,I,D,L
R,E,I,S,T
J,E,D,E,S
P,A,T,E,R
C,A,R,G,O
T,A,P,T,E
M,A,I,E,R
Y,O,R,C,K
J,E,N,E,S
T,R,I,O,L
U,R,B,A,N
S,T,I,N,O
G,O,Z,O,S
B,E,B,E,N
B,A,U,D,E
R,U,P,I,A
M,O,L,L,Y
P,I,L,Z,E
S,C,U,D,I
H,A,L,F,A
N,A,G,T,E
O,C,K,E,R
T,R,O,P,E
S,U,M,P,F
M,O,R,S,E
R,A,N,G,E
Z,U,D,E,M
T,O,O,L,S
T,R,O,I,A
W,A,D,L,N
L,U,M,M,E
H,A,U,P,T
P,A,X,E,S
W,I,E,S,N
F,E,T,T,S
R,I,L,L,E
S,P,I,O,N
S,L,U,M,S
R,I,S,P,E
L,E,A,K,T
H,O,E,K,T
S,C,A,N,S
O,S,S,I,S
P,U,R,E,N
B,R,A,U,N
O,E,S,C,H
E,I,C,H,E
B,U,F,F,I
N,I,G,L,S
W,U,R,M,T
D,A,I,N,A
F,U,G,U,S
M,U,E,N,D
K,N,I,E,N
T,U,C,H,S
S,T,U,R,A
B,I,E,N,E
N,U,T,Z,E
A,L,T,O,S
G,L,A,R,E
J,A,E,H,R
R,O,L,L,I
E,I,D,E,T
K,A,T,A,S
B,E,G,E,H
A,M,M,O,N
T,O,R,A,H
F,L,O,E,T
P,H,O,N,E
A,R,N,O,S
E,R,K,E,R
R,O,D,L,E
B,A,I,T,S
K,E,I,N,E
D,R,E,I,N
H,U,E,B,T
A,R,B,A,T
A,D,A,N,A
K,U,B,A,S
A,N,I,O,N
F,U,T,O,N
P,O,P,E,L
Q,U,I,T,O
S,A,L,D,I
A,L,I,A,S
F,I,D,U,Z
P,U,C,K,E
I,M,K,E,R
S,A,E,L,E
L,U,G,E,T
T,E,R,N,E
P,O,E,L,S
B,L,O,G,S
P,E,R,L,S
H,O,R,N,S
R,U,M,S,E
T,E,L,E,X
S,A,E,H,E
K,O,M,M,A
A,B,H,E,R
S,T,E,N,T
K,R,A,N,K
B,E,G,U,M
P,E,G,E,L
R,O,D,E,O
L,E,E,R,T
R,E,C,H,E
B,A,A,R,S
H,E,B,E,L
M,U,T,E,N
S,P,A,S,S
S,U,C,H,E
S,P,U,K,T
M,A,L,R,E
S,A,M,E,N
R,E,H,E,N
B,U,M,S,E
S,U,D,A,N
H,A,B,E,N
B,O,T,E,N
B,E,U,G,T
M,A,I,N,S
G,E,I,S,A
A,L,P,I,N
F,U,D,E,R
S,T,E,C,K
U,M,B,A,U
S,U,R,R,E
O,V,U,M,S
K,A,F,F,S
F,L,A,E,Z
H,A,F,T,S
B,R,E,T,T
Q,U,A,R,K
M,A,U,E,R
J,E,V,E,R
G,L,E,Y,S
P,F,I,F,F
D,O,R,N,S
W,A,R,I,N
B,R,A,S,T
G,O,S,S,T
S,P,A,N,N
G,I,E,R,E
B,I,T,K,I
T,U,R,M,S
S,C,H,A,U
Y,E,R,B,A
N,O,E,T,E
M,I,S,S,E
A,E,F,F,E
L,A,N,G,S
W,A,C,H,T
H,A,U,S,A
J,O,K,E,S
T,E,D,D,Y
H,A,R,R,E
L,Y,O,N,S
O,R,I,Y,A
M,A,U,R,E
S,K,I,N,S
K,A,L,B,E
O,E,H,M,E
H,O,F,E,R
T,A,T,E,S
M,A,I,L,S
K,A,T,J,A
O,M,M,E,N
W,A,C,K,E
A,U,M,A,S
H,O,C,K,S
H,E,U,K,E
M,O,C,C,A
K,A,M,E,N
O,G,E,R,S
A,N,O,D,E
W,A,R,E,N
P,Y,H,R,A
K,O,B,R,A
B,I,E,R,E
S,T,O,L,Z
T,I,M,E,N
A,D,D,A,X
M,E,S,S,E
H,E,L,M,S
S,V,A,M,I
L,E,H,N,E
H,O,H,N,S
T,O,B,O,L
P,L,A,S,T
T,R,I,F,T
M,U,G,E,L
P,I,V,O,T
S,I,T,Z,T
S,E,R,N,F
P,A,T,Z,T
B,E,E,N,D
H,O,B,L,E
K,Y,O,T,O
T,U,S,C,H
W,O,E,L,L
S,O,W,A,S
W,U,C,H,T
V,O,T,Z,E
K,I,R,R,E
S,K,A,L,E
A,U,W,E,H
A,P,F,E,L
K,S,A,B,I
Z,O,E,K,A
B,U,E,R,G
F,O,E,H,N
E,R,B,T,E
A,B,E,L,S
E,N,D,E,N
N,A,R,D,E
A,D,E,L,N
P,O,R,T,S
W,A,L,D,E
N,A,U,R,U
S,E,H,E,T
S,E,I,C,H
A,L,T,I,N
E,M,P,L,S
P,A,F,F,E
B,A,R,T,E
E,D,I,T,H
B,A,K,U,S
N,A,U,E,N
D,R,A,H,T
A,B,A,T,E
T,A,B,E,S
B,U,R,R,O
M,O,F,A,S
I,O,W,A,S
M,A,G,S,T
S,E,I,H,E
S,T,I,N,K
N,E,I,N,T
B,R,E,N,Z
W,O,B,E,I
A,D,E,R,N
A,C,H,T,E
D,R,I,N,K
V,I,R,A,L
N,O,C,K,S
F,A,D,E,S
N,E,I,G,E
S,P,E,I,E
H,A,L,S,T
P,A,R,A,S
S,T,O,P,F
E,I,T,E,R
Z,E,T,E,R
J,E,N,E,R
S,T,A,H,L
R,U,B,I,N
F,A,L,L,E
F,L,A,X,T
H,A,M,A,M
J,E,N,T,E
O,S,E,R,N
W,O,T,E,N
M,A,A,R,E
P,O,L,Y,P
Z,A,F,U,S
V,O,L,K,E
P,F,E,T,Z
K,A,N,T,S
J,A,C,H,T
H,I,N,U,M
Z,W,I,R,N
R,O,D,E,N
A,R,T,I,G
R,E,I,S,S
B,U,D,O,S
J,A,S,S,E
S,C,H,W,A
N,A,R,C,O
R,I,T,E,N
N,O,R,D,S
Z,E,C,K,E
U,N,K,E,T
T,E,U,E,R
D,E,R,E,R
L,A,U,F,E
M,U,T,O,N
N,I,L,L,E
S,T,E,H,T
T,O,R,F,E
K,N,A,U,B
M,E,S,C,H
C,E,R,E,S
F,L,O,C,K
A,A,S,E,R
K,I,E,N,S
S,Q,U,A,T
W,E,P,S,E
G,O,E,R,T
P,I,L,A,W
M,I,M,I,K
J,O,L,L,E
S,T,U,F,E
S,A,L,P,E
T,A,N,K,S
P,O,C,H,T
L,A,F,F,E
N,O,E,L,E
M,A,R,E,K
W,O,K,E,M
T,E,I,N,T
J,O,N,A,S
H,A,N,D,S
O,E,K,O,S
S,O,D,E,N
G,R,I,S,S
V,O,I,P,T
G,A,R,T,E
B,E,I,S,L
H,O,O,D,Y
B,E,J,A,G
T,I,C,K,S
K,U,F,E,N
Z,A,R,G,E
E,D,I,K,T
R,E,M,U,S
H,O,N,Z,A
R,O,W,D,Y
D,I,A,N,A
E,R,I,K,A
G,A,E,H,N
F,I,N,A,L
S,K,U,E,S
D,Y,A,D,E
T,O,N,E,N
A,B,L,A,D
V,E,R,B,E
R,I,G,I,D
L,A,S,S,E
F,R,I,S,T
F,E,I,E,R
M,I,M,E,T
L,O,B,U,S
C,O,M,I,C
T,I,R,E,T
F,E,U,E,R
H,A,O,R,I
J,O,D,E,L
S,A,L,O,N
D,A,H,N,S
K,R,O,P,F
S,A,L,D,O
H,A,L,F,T
Z,I,S,C,H
L,O,T,S,T
L,U,C,I,A
W,O,K,E,S
H,A,F,T,E
K,L,O,M,M
S,A,L,T,I
N,I,E,B,Y
W,E,R,D,S
J,U,R,T,E
B,O,I,N,G
K,A,J,O,L
N,E,B,E,L
S,C,O,T,S
D,A,M,P,F
L,U,N,A,R
K,O,P,F,T
A,B,B,A,T
P,I,L,L,E
H,O,E,B,T
W,U,E,M,M
O,P,E,R,N
T,I,N,G,E
T,U,M,B,E
H,A,R,M,S
E,L,O,A,H
F,R,I,S,E
B,A,E,H,E
R,E,K,L,E
A,R,I,E,N
A,Z,O,L,E
M,A,Y,I,M
T,W,E,T,E
U,L,K,S,T
D,I,M,M,E
B,A,R,N,D
W,A,L,K,T
D,A,C,H,E
T,H,A,N,E
A,K,K,A,D
R,A,A,B,S
L,A,G,R,E
Z,U,E,C,K
M,E,L,D,E
T,I,S,A,S
E,D,A,M,S
Z,A,K,A,T
J,O,H,L,T
S,P,U,R,E
F,L,E,N,N
C,O,D,E,S
G,A,U,L,E
L,I,K,T,E
L,I,E,G,T
K,N,U,F,F
N,E,L,K,E
F,U,E,G,T
M,I,R,O,W
A,T,O,M,S
R,I,E,H,E
R,E,U,I,G
K,A,B,O,D
T,E,X,E,L
G,R,E,T,E
Q,O,P,P,A
A,R,M,I,N
N,A,I,L,A
G,U,R,R,E
E,C,H,O,T
J,O,P,P,E
B,A,S,A,L
B,U,N,D,A
I,R,A,K,I
H,E,B,E,N
S,I,E,Z,E
M,O,E,S,E
M,O,O,R,S
T,I,C,K,E
P,A,D,U,A
Z,I,S,K,A
Z,O,G,E,N
C,H,A,R,S
A,R,N,I,S
F,E,L,D,E
U,T,E,R,I
L,I,D,E,R
N,I,S,S,E
Z,A,E,K,A
A,L,B,E,N
K,L,U,M,P
H,U,N,Z,T
H,O,H,E,N
I,H,N,E,N
O,M,E,N,S
W,I,R,R,T
R,A,E,C,H
W,I,R,K,T
K,E,H,R,E
G,R,U,B,E
G,E,N,I,E
N,E,T,Z,E
R,I,N,D,E
N,A,C,H,O
D,E,R,B,Y
R,U,P,I,E
J,I,V,E,S
O,L,M,E,S
N,O,M,E,N
A,U,G,U,R
M,O,T,Z,E
L,O,S,T,E
D,A,S,I,G
T,O,S,T,E
A,I,O,L,I
P,E,N,S,A
E,R,K,O,R
Z,O,T,T,E
A,N,T,U,T
K,J,E,L,L
K,L,O,B,T
S,A,U,M,E
B,U,N,D,E
A,W,A,R,E
L,O,H,T,E
L,A,M,M,E
L,O,K,A,L
L,A,B,E,L
G,R,I,T,S
S,T,E,G,S
T,A,X,I,S
S,A,N,N,T
R,E,S,C,H
A,N,G,E,R
K,I,E,K,T
S,E,O,U,L
A,E,B,T,E
A,P,R,E,R
W,U,H,A,N
F,L,U,K,E
D,U,C,H,T
F,I,E,L,E
K,A,M,E,L
M,U,H,T,E
Z,I,E,H,T
A,N,N,A,M
I,F,T,A,R
T,R,I,A,S
E,I,C,H,T
D,A,N,D,Y
G,R,A,T,S
G,R,I,K,O
K,L,A,U,S
Z,I,N,K,E
I,G,L,E,T
Z,A,E,U,N
E,N,G,T,E
M,A,I,S,E
L,I,M,B,I
G,A,S,T,S
C,A,I,P,I
K,N,A,U,F
O,P,A,L,S
Q,U,A,S,E
Z,E,R,G,E
R,U,M,O,R
G,I,G,U,E
F,U,G,T,E
C,R,A,C,K
A,A,R,E,S
D,E,K,A,N
E,B,E,R,T
P,S,A,L,M
D,A,T,I,V
I,G,I,T,T
J,A,B,O,T
B,R,I,C,H
S,A,F,T,S
L,A,B,L,E
H,O,L,E,S
M,A,N,N,A
A,A,L,E,N
L,A,A,B,S
K,E,R,N,S
P,U,L,L,T
F,I,R,N,S
G,E,B,A,R
M,I,E,S,S
R,A,N,I,S
K,N,A,C,K
I,L,E,E,N
B,E,R,E,U
Z,A,E,H,E
M,I,N,E,N
O,R,T,E,N
H,E,H,L,E
P,U,C,K,S
H,A,G,S,T
W,I,K,E,N
B,R,O,W,S
A,C,T,I,O
S,O,N,N,T
T,A,U,E,T
S,T,Y,L,E
W,O,R,T,E
B,A,T,S,T
S,T,I,R,B
H,E,I,N,I
B,I,H,A,R
S,T,U,S,S
E,R,S,J,A
A,D,W,I,N
U,R,S,T,E
D,O,E,T,Z
A,A,S,E,N
K,L,O,N,T
T,A,F,F,E
R,I,N,N,T
G,A,F,F,T
L,O,E,S,E
F,E,D,E,R
W,A,E,R,E
D,U,F,T,S
F,E,T,Z,T
K,R,O,N,E
V,I,F,E,M
S,A,N,G,S
P,E,R,S,O
W,A,B,E,N
S,E,C,H,E
P,I,N,I,E
E,D,E,L,N
H,U,L,K,S
D,O,S,T,S
W,E,T,Z,T
N,U,L,L,E
J,U,L,E,I
K,L,E,B,E
A,R,E,N,S
R,A,U,E,N
P,R,E,I,T
Z,O,C,K,T
N,A,B,L,E
P,F,A,A,R
K,E,I,M,S
N,A,G,S,T
P,R,O,T,Z
P,U,E,T,T
K,I,F,F,T
P,O,F,T,E
F,L,U,G,S
L,E,U,T,E
K,A,T,E,N
I,R,R,T,E
M,E,I,L,E
V,I,P,E,R
W,O,H,E,R
N,A,R,R,E
P,E,E,R,S
G,U,R,U,S
B,I,W,A,S
H,A,U,E,R
B,O,D,I,G
M,A,I,L,T
I,M,M,E,N
E,S,N,A,S
O,P,F,R,E
L,A,D,Y,S
L,U,E,F,T
S,A,V,S,T
K,L,A,C,K
T,A,T,R,A
L,A,X,E,R
R,U,H,L,A
A,H,N,T,E
R,U,N,D,S
U,M,L,O,G
W,A,E,H,E
J,E,T,T,S
P,E,N,E,S
H,A,C,K,T
U,R,U,K,S
T,R,I,E,Z
A,E,U,G,E
Z,Y,A,N,S
I,R,E,N,E
A,X,O,N,S
S,H,O,W,S
K,E,L,P,S
P,A,T,T,E
B,E,G,I,B
Z,E,I,H,T
C,E,L,L,O
J,E,E,P,S
K,A,K,A,S
P,R,U,T,H
E,I,L,E,N
L,A,I,N,Z
M,E,I,D,E
M,A,H,U,T
J,O,J,O,S
Q,O,P,H,S
B,A,B,S,I
H,E,I,K,O
B,O,R,N,S
P,A,P,U,A
H,U,M,S,E
W,A,E,H,R
H,A,U,F,E
T,A,U,E,S
R,U,N,G,E
A,A,K,E,N
B,E,I,D,E
E,I,R,E,T
L,O,E,W,E
C,R,U,I,S
H,E,E,R,S
W,I,P,P,E
K,R,U,M,E
M,I,N,E,T
D,E,L,T,A
U,N,M,U,T
A,M,E,N,S
B,L,E,I,S
I,R,D,E,N
W,I,K,I,S
S,A,U,G,E
P,A,U,S,A
M,A,A,T,S
B,O,H,E,I
S,A,U,M,S
K,I,R,R,T
D,R,I,S,S
A,R,G,O,N
G,I,E,S,S
N,U,D,L,E
W,A,A,L,S
N,E,U,E,S
H,A,K,T,E
K,I,L,L,T
S,U,A,D,A
I,R,A,K,S
H,A,A,B,S
L,E,C,K,T
F,I,X,E,M
G,E,L,L,T
B,E,H,E,X
B,E,R,G,S
B,R,A,S,S
K,A,B,U,L
T,A,N,K,E
F,A,U,N,I
F,A,R,B,E
O,P,F,E,R
S,T,U,K,T
H,U,M,O,R
E,R,E,I,L
Z,A,G,E,L
V,O,X,E,L
T,O,R,E,N
Z,U,Z,E,L
R,I,N,G,S
D,E,L,I,R
T,A,R,T,E
B,E,L,L,T
H,A,J,E,K
M,O,N,G,O
A,D,I,E,U
B,L,A,K,E
P,F,A,N,D
B,A,F,F,E
H,E,L,G,A
E,S,S,I,G
W,E,I,L,T
E,N,K,E,L
C,O,R,K,S
M,Y,R,T,E
O,D,I,L,O
G,I,A,U,R
L,Y,D,E,R
U,N,T,A,T
T,O,F,F,E
L,A,U,G,T
P,U,F,F,E
B,O,W,L,S
B,O,N,Z,E
N,O,E,R,E
C,A,L,W,S
H,A,K,E,T
A,K,T,E,N
G,O,J,T,E
M,O,N,D,S
S,U,N,D,E
R,E,B,B,E
S,T,A,N,Z
D,R,O,G,E
J,O,H,N,S
C,O,C,O,S
T,R,A,V,E
B,A,R,T,S
P,E,E,N,E
L,E,I,N,T
H,E,G,S,T
F,A,U,N,A
F,U,R,C,H
O,E,F,F,I
L,O,H,E,T
D,U,E,N,K
H,O,S,E,A
U,M,B,R,A
T,I,S,C,H
K,L,A,N,E
E,S,S,A,I
E,I,D,I,G
R,A,D,E,N
B,R,U,M,M
P,A,L,M,E
G,R,U,N,Z
M,E,N,N,O
D,I,S,K,O
C,O,C,A,S
P,O,P,L,E
P,O,K,A,L
L,O,H,N,E
G,R,A,S,E
M,E,H,R,S
B,E,E,T,S
T,A,X,E,N
V,L,I,E,S
A,E,S,O,P
R,U,F,E,T
D,I,P,P,E
D,O,C,K,E
S,U,L,Z,T
M,Y,L,A,U
F,U,X,E,S
I,N,F,A,M
H,I,R,S,E
R,A,C,K,S
B,U,R,G,I
B,A,S,I,S
S,O,E,S,T
Z,E,I,T,S
S,U,R,R,T
A,B,A,S,I
B,O,X,T,E
L,I,E,S,T
T,A,C,K,S
K,A,S,B,A
A,R,U,B,A
A,Z,I,D,E
F,A,L,Z,E
A,T,M,E,N
E,I,D,E,S
H,E,R,A,B
Z,U,C,H,T
H,A,L,L,O
I,W,R,I,T
S,L,I,C,K
H,U,N,T,S
P,F,O,T,E
H,O,R,N,T
F,U,S,S,E
J,A,D,E,N
B,O,R,G,T
H,U,M,I,D
O,P,I,A,T
H,O,R,T,S
L,A,S,C,H
G,E,I,S,S
S,E,E,L,T
K,O,R,B,S
E,L,I,M,S
E,I,G,N,E
B,A,U,E,S
B,Y,T,E,S
S,I,R,R,T
S,W,A,N,A
M,A,X,I,M
L,U,C,C,A
H,O,S,T,E
P,I,L,O,T
K,H,A,N,E
R,A,I,D,S
S,T,A,K,E
D,I,V,A,S
R,A,M,P,E
G,A,T,E,N
Z,W,I,N,G
K,R,A,L,L
M,A,U,S,E
T,R,U,M,M
A,B,D,O,N
B,A,L,D,A
L,A,N,D,E
R,I,E,G,E
E,S,S,E,T
B,A,R,G,S
E,S,T,E,N
M,U,H,E,N
H,I,N,K,E
K,O,K,E,T
V,E,L,D,S
K,L,E,E,S
G,E,L,E,E
K,A,N,A,L
S,O,M,A,S
L,O,D,E,N
A,R,M,E,S
S,A,V,T,E
A,G,E,N,S
W,A,R,V,E
M,A,I,E,N
Z,A,C,K,T
N,E,U,E,N
B,E,L,O,G
W,A,N,T,S
Z,U,R,E,K
T,O,E,R,E
E,D,L,E,R
K,O,E,R,N
W,A,R,B,T
K,O,R,B,E
L,E,T,A,L
V,A,C,A,T
G,R,E,D,E
F,U,Z,Z,I
P,R,O,B,T
S,A,B,O,R
K,U,R,S,T
S,T,U,B,E
Z,U,R,R,E
T,O,P,F,E
V,A,G,E,R
P,E,C,K,T
W,R,I,N,G
S,P,R,E,U
H,I,E,S,S
T,H,U,R,E
A,E,R,O,B
K,A,K,A,O
R,A,D,O,M
M,U,T,A,E
A,O,R,T,A
S,O,J,E,N
A,L,I,E,N
C,H,E,M,O
L,A,T,E,S
C,U,R,R,Y
W,A,R,U,M
K,N,A,P,S
A,R,T,E,T
R,E,G,I,E
H,E,B,L,E
C,A,J,U,S
L,I,T,H,O
M,O,S,R,E
K,R,U,G,S
R,U,M,P,F
L,E,S,E,R
K,A,I,R,O
M,A,R,E,N
I,N,D,E,X
M,O,H,N,E
M,E,M,M,E
L,I,S,C,H
T,A,L,K,S
N,A,H,E,M
O,P,A,K,E
K,A,F,I,R
L,I,T,Z,E
W,I,E,N,S
G,E,H,R,E
S,T,A,U,S
F,Y,L,K,E
R,O,U,T,S
S,O,U,L,S
A,U,T,I,E
T,E,I,G,S
H,A,I,N,E
T,O,N,S,T
R,A,T,E,N
C,O,R,A,S
A,N,N,A,S
S,T,O,M,A
I,L,L,E,R
H,A,C,K,S
R,E,I,M,E
P,E,L,T,E
G,I,L,D,E
M,O,E,L,L
W,U,R,M,S
G,O,G,E,N
N,A,E,H,T
H,A,R,T,Z
J,I,E,Z,E
B,E,B,B,I
R,U,C,K,E
L,A,K,A,I
S,T,A,C,H
A,S,K,E,T
T,J,A,R,K
E,R,I,C,H
D,A,E,S,H
K,O,T,Z,E
F,R,O,S,T
A,L,T,A,N
D,U,E,T,T
A,R,G,O,T
R,U,S,C,H
A,M,R,E,I
T,A,L,G,S
L,O,C,H,T
C,E,U,T,A
T,O,P,P,E
D,R,E,F,S
P,F,A,U,E
L,A,D,E,S
M,A,E,H,E
T,O,G,O,S
L,O,T,E,T
N,O,N,E,N
L,U,E,D,E
R,A,U,K,E
O,E,D,E,M
R,U,E,B,E
P,O,F,S,T
C,O,R,P,S
H,O,E,H,L
R,O,H,E,N
L,I,B,A,N
K,R,I,P,P
N,E,R,V,I
N,I,K,E,S
B,U,M,S,T
K,A,L,E,U
S,U,I,T,E
A,R,T,E,L
A,R,M,A,N
M,A,U,I,S
K,O,P,F,E
T,I,E,F,S
C,H,O,N,Z
G,A,L,A,S
W,I,S,S,T
X,H,O,S,A
R,O,U,T,E
H,A,L,B,E
S,E,I,L,S
K,E,U,L,T
R,A,E,T,S
H,A,R,R,T
K,E,T,E,N
D,O,R,N,E
M,O,S,T,S
B,R,U,C,H
T,A,D,E,L
U,R,S,O,N
K,I,E,P,E
L,O,T,T,E
B,A,P,P,T
Y,S,O,P,S
P,R,A,N,G
W,O,G,S,T
A,O,S,T,A
A,M,B,O,S
G,A,U,M,T
I,D,O,L,S
A,X,O,N,E
R,A,B,B,I
P,I,E,R,C
A,B,T,U,T
A,G,A,D,E
P,A,F,F,T
H,O,E,H,N
W,E,R,K,E
F,A,C,H,E
A,L,A,N,E
A,L,I,B,I
B,A,B,E,L
Z,A,E,U,M
P,I,N,N,E
D,A,T,U,M
K,E,L,I,M
M,A,T,U,R
B,O,H,R,T
O,D,E,L,E
N,O,V,A,E
U,L,K,I,G
P,O,L,K,E
N,A,H,E,T
M,I,A,U,E
S,A,L,B,E
R,E,G,E,M
H,E,I,N,E
D,O,H,N,A
L,O,S,E,N
G,R,A,D,E
O,B,S,E,N
W,U,R,M,E
A,R,G,E,M
G,A,L,L,E
T,I,D,E,N
W,O,E,G,T
W,O,H,L,E
E,M,S,I,G
H,I,S,S,T
A,C,N,E,N
E,T,S,C,H
Z,O,B,E,L
U,E,B,L,E
K,E,R,V,E
L,E,G,A,L
P,A,R,S,E
T,A,C,K,E
R,O,U,E,N
O,S,L,I,P
S,E,I,L,T
W,O,S,S,I
T,O,T,E,M
J,A,V,A,S
B,E,L,L,E
N,I,C,H,T
G,E,L,T,E
Y,U,R,O,K
K,U,N,D,E
D,U,D,L,E
J,E,S,U,M
K,O,T,O,S
M,A,G,G,I
F,L,O,S,S
P,I,N,K,A
L,A,N,Z,E
C,E,G,O,S
G,U,R,D,E
Z,A,N,K,T
E,B,E,R,N
Z,Y,S,T,E
B,I,E,G,T
R,E,M,I,S
K,I,N,D,E
F,I,X,E,R
Z,A,U,N,E
K,O,C,H,E
A,B,I,L,O
W,E,L,L,T
G,U,M,M,A
H,E,M,A,N
Z,I,M,T,S
F,L,A,N,K
S,T,E,L,L
S,A,A,L,E
M,A,Y,O,S
G,A,E,R,T
R,A,S,E,R
S,E,I,E,N
X,E,R,E,S
K,E,I,M,E
Q,U,A,K,E
T,U,N,K,E
B,A,B,U,S
S,A,U,F,E
K,N,I,P,S
M,A,T,Z,E
O,E,L,I,G
P,R,I,O,N
J,E,M,E,N
H,E,R,R,N
N,A,E,T,A
B,U,K,S,T
C,R,A,S,H
K,O,K,S,T
R,I,T,T,E
B,O,N,G,E
A,R,O,S,A
T,O,N,E,T
M,A,U,E,N
A,N,D,E,N
L,A,X,E,S
A,L,M,T,E
Z,U,N,G,E
P,E,G,A,U
S,U,L,C,I
R,U,E,C,K
P,L,A,I,D
L,E,G,T,E
U,M,B,O,G
F,A,R,R,E
G,O,L,F,T
H,I,R,N,E
K,O,R,K,T
S,E,N,N,S
T,R,O,P,F
E,L,T,E,R
M,U,M,M,S
T,A,U,O,N
R,O,T,T,E
W,A,S,E,N
P,U,N,Z,T
L,O,O,P,E
T,U,M,O,R
W,I,L,M,S
M,O,B,B,E
W,O,L,L,T
M,E,I,N,T
T,R,A,S,H
A,L,U,N,E
A,M,I,G,A
Z,I,N,K,S
T,E,B,E,T
M,I,L,F,S
I,M,P,F,T
W,E,H,R,S
Z,U,P,F,T
T,I,B,E,R
F,E,I,E,N
M,E,S,S,I
A,A,S,I,G
B,R,O,N,X
L,E,I,D,E
H,E,R,Z,U
G,N,A,T,Z
H,U,P,E,N
S,T,R,E,M
K,A,D,E,R
P,O,G,E,T
H,U,D,E,L
F,E,G,T,E
S,A,U,D,I
N,I,U,E,S
S,E,N,S,E
U,M,T,U,N
S,A,E,G,T
I,A,H,E,T
V,O,G,T,E
E,M,D,E,N
G,A,R,N,S
O,P,A,P,A
G,Y,R,O,S
T,A,G,E,N
B,A,R,G,T
L,A,U,R,A
D,R,U,S,E
G,E,L,D,E
T,O,N,N,E
T,A,F,T,E
W,A,N,K,E
U,E,B,S,T
S,A,U,S,E
A,G,I,E,R
C,E,L,L,A
K,O,S,E,T
W,H,I,S,T
R,A,K,I,S
U,N,S,E,R
S,K,Y,P,T
E,X,I,L,E
T,A,U,C,H
W,E,R,T,S
K,N,I,T,Z
S,U,E,H,N
P,R,U,E,F
C,L,A,R,A
S,E,G,E,L
P,O,E,M,E
B,L,A,N,D
L,O,E,L,I
S,A,R,I,S
A,L,M,A,R
L,U,N,D,S
D,A,X,E,S
S,T,A,R,S
A,C,R,Y,L
D,E,L,L,E
W,E,H,L,E
A,Z,U,R,N
G,U,N,N,E
B,U,R,M,A
G,O,T,T,S
E,R,G,A,B
S,C,H,I,A
S,T,I,E,F
P,U,P,P,T
Y,L,I,D,E
G,E,R,U,H
P,A,C,H,T
M,O,L,A,S
P,O,K,R,E
K,I,E,L,E
R,A,P,P,E
S,I,E,K,E
W,E,C,K,T
P,I,C,H,E
A,B,R,I,S
R,A,D,I,S
F,L,A,M,E
S,E,K,E,L
O,X,I,D,E
M,E,D,E,A
A,K,I,T,A
O,R,D,A,L
A,F,F,I,G
O,E,D,E,S
S,O,F,F,T
T,Y,P,U,S
T,O,Q,U,E
Z,E,I,T,Z
R,H,E,I,N
B,E,S,A,N
P,O,W,E,R
S,P,A,M,S
D,U,P,L,A
G,O,L,D,S
M,E,R,O,E
U,N,G,A,R
D,U,C,E,S
B,O,L,L,E
R,A,R,E,M
B,I,P,E,D
E,R,Z,E,N
M,E,N,G,E
G,H,O,S,T
T,I,E,R,E
K,I,M,M,E
T,A,N,J,A
A,S,S,E,L
Y,A,K,I,S
H,E,F,E,N
O,E,S,E,T
G,U,M,M,I
A,B,E,N,S
J,E,N,A,S
S,E,L,M,S
A,L,G,O,L
D,E,H,N,E
W,A,H,N,S
E,I,S,I,G
P,U,L,L,E
H,A,G,E,T
H,A,N,Z,I
O,U,T,E,N
W,O,R,T,S
T,I,C,K,T
E,L,C,H,E
P,A,K,T,E
T,R,A,G,E
S,T,U,R,E
M,A,T,T,A
D,R,I,N,G
T,A,K,E,N
S,A,N,A,A
R,A,V,T,E
H,E,I,D,I
T,R,E,I,B
R,I,F,F,E
T,A,S,T,E
R,A,T,Z,T
F,R,E,U,T
G,O,J,I,M
K,A,E,T,Z
T,A,X,I,E
S,A,U,N,T
K,I,T,T,E
D,A,V,I,D
M,U,L,M,E
W,E,H,E,N
P,U,N,A,S
I,O,D,E,S
S,T,O,C,K
N,E,H,M,E
O,G,E,R,N
D,E,S,T,O
O,B,L,A,G
E,R,L,A,S
T,E,N,O,R
C,H,A,R,M
S,A,H,S,T
B,U,E,T,T
D,O,L,E,N
H,A,S,E,S
N,A,E,V,I
T,O,T,E,S
B,A,Y,E,R
D,U,E,L,L
M,O,P,P,S
H,O,B,E,L
B,L,U,B,B
M,U,L,M,S
S,E,S,L,E
S,P,E,I,B
B,E,S,A,M
G,A,U,M,E
E,G,E,L,S
B,U,L,L,A
R,A,N,K,E
S,I,A,L,S
R,I,C,I,N
P,I,R,O,L
S,E,I,E,R
H,A,X,E,N
B,E,S,A,E
G,A,Y,O,S
D,O,P,T,E
K,A,U,Z,E
P,U,P,S,E
G,E,I,G,E
F,A,N,I,N
R,O,T,Z,E
M,A,T,H,E
B,O,O,M,S
R,A,T,I,O
B,O,G,I,G
T,A,K,E,R
T,I,E,R,S
A,P,A,R,T
U,R,N,E,N
C,O,U,C,H
O,R,K,A,N
W,I,N,D,E
P,H,A,S,E
B,A,B,O,S
B,A,N,D,E
D,I,E,L,E
K,R,E,N,S
F,U,E,N,F
F,O,R,M,T
A,G,I,L,E
S,P,O,R,E
H,A,R,N,T
T,A,G,G,T
F,A,C,H,S
B,E,A,U,S
Q,U,E,N,T
N,A,G,E,R
R,O,C,K,E
H,A,E,M,E
P,O,L,I,S
E,L,G,E,R
B,E,O,E,L
P,A,L,T,E
S,P,R,I,T
K,N,U,T,T
D,U,T,T,E
W,E,R,L,S
L,E,G,A,T
K,E,N,N,E
S,T,U,P,A
M,E,T,T,S
H,E,R,S,E
Z,A,M,I,A
P,R,O,F,S
R,A,D,J,A
S,I,L,A,S
S,K,U,F,F
R,A,T,E,S
T,A,C,K,T
R,U,M,S,T
V,O,R,A,N
P,E,C,H,E
H,A,E,S,S
T,O,S,E,N
A,G,G,I,S
G,R,I,E,S
Z,W,E,I,T
G,R,U,B,B
S,E,X,T,A
E,I,Z,E,S
A,R,Z,T,E
R,A,U,M,S
R,U,G,B,Y
S,E,L,C,H
N,E,B,E,N
O,L,L,E,N
W,U,R,F,S
H,O,C,K,T
Y,S,O,P,E
F,E,S,C,H
S,A,T,Y,R
Z,E,I,H,E
K,A,R,A,S
W,U,R,F,E
A,B,Z,Y,M
N,O,I,R,S
E,X,T,R,A
P,A,K,T,S
G,A,R,D,E
Z,O,O,M,S
F,A,N,T,S
U,N,I,E,R
P,U,F,F,T
B,U,K,E,N
T,R,A,M,P
A,B,A,D,E
R,U,D,E,L
R,E,I,W,A
C,A,V,A,S
K,A,R,R,T
L,E,F,Z,E
T,O,F,U,S
T,H,E,K,E
M,A,G,I,E
M,O,P,E,D
L,O,O,P,S
R,A,P,S,E
H,E,I,L,E
M,A,L,E,S
M,E,S,S,T
V,A,R,I,X
E,S,S,I,V
T,E,E,R,E
H,E,F,E,S
F,O,P,P,E
S,T,A,D,E
S,U,P,P,T
E,T,U,I,S
F,L,I,R,T
P,E,D,A,L
J,A,R,L,E
L,E,S,T,E
E,H,E,R,N
B,O,T,E,T
H,O,E,R,E
S,C,O,U,T
H,A,U,K,E
A,U,R,E,N
K,U,L,I,S
G,A,T,E,S
B,A,L,L,E
W,O,L,F,E
M,I,A,U,T
H,U,N,D,S
K,A,H,M,S
H,A,R,N,S
A,G,G,E,S
T,U,F,F,E
D,U,S,T,S
R,E,I,B,E
W,E,L,L,I
L,A,B,R,E
L,I,E,F,T
T,R,O,T,Z
S,O,Z,I,A
K,A,L,K,E
B,E,E,I,D
K,L,I,R,R
B,U,N,T,E
J,U,L,I,A
T,R,A,M,E
F,O,R,E,N
S,K,A,I,S
J,U,C,H,T
L,U,C,H,S
K,A,N,I,N
F,E,L,D,S
S,T,A,P,F
B,A,C,K,S
E,M,A,I,L
S,M,O,G,S
G,A,L,A,N
P,O,O,L,S
B,I,K,T,E
G,O,L,F,E
F,L,U,R,S
G,I,P,S,T
B,L,A,U,T
W,I,D,M,E
D,U,T,T,S
J,A,U,S,T
F,E,N,Z,E
N,E,X,U,S
T,I,M,T,E
K,L,E,I,D
A,B,H,U,B
L,E,A,K,E
M,Y,O,N,S
E,N,G,S,T
S,K,I,F,F
S,U,R,S,T
H,I,N,D,I
M,A,E,H,L
L,A,U,C,H
A,P,I,A,S
S,W,I,S,T
P,I,L,E,S
R,E,C,K,T
R,I,G,E,L
F,E,R,I,D
R,E,N,O,S
L,O,V,E,R
U,N,T,E,R
F,I,E,S,E
T,O,U,C,H
H,A,R,N,E
M,O,T,T,I
N,O,T,E,N
F,A,N,O,N
Z,O,N,E,N
K,A,P,O,S
G,A,Z,E,N
B,E,L,E,H
G,A,Y,A,L
Z,U,E,N,D
E,B,A,R,T
K,U,L,T,S
G,R,A,B,E
S,A,U,E,R
W,A,G,S,T
V,E,R,B,A
P,Y,X,I,S
R,O,T,H,E
B,E,I,E,N
S,U,H,L,E
E,D,N,A,S
L,E,N,K,T
E,R,L,E,G
S,N,I,F,F
D,U,M,A,S
B,O,X,E,T
T,A,F,T,S
R,A,E,U,M
P,O,R,T,E
E,B,E,R,S
H,A,B,E,L
L,U,E,B,Z
D,E,K,O,R
S,T,A,U,B
M,U,N,D,E
L,O,C,H,S
P,F,E,I,F
T,A,D,E,S
F,A,E,R,B
A,Z,O,N,E
T,W,E,E,D
H,A,A,R,T
J,E,C,K,S
M,O,E,G,E
D,I,V,I,S
G,R,O,A,T
B,O,R,G,E
M,U,S,E,T
S,U,P,E,R
L,I,B,A,U
Y,T,O,N,G
B,O,R,N,E
D,R,A,L,L
F,L,U,S,E
R,A,S,U,R
T,R,I,P,S
B,U,N,G,E
A,B,W,E,G
E,B,B,E,N
H,A,M,M,S
I,D,Y,L,L
P,A,N,I,K
A,D,R,I,A
Z,W,A,N,E
W,E,L,K,E
P,I,E,K,S
R,I,E,N,Z
Q,U,E,E,R
G,E,I,L,T
F,A,H,R,E
F,E,Z,E,S
O,E,L,E,S
S,T,U,R,M
T,R,O,G,S
L,A,M,M,T
X,E,N,I,E
A,N,B,U,K
D,E,G,E,N
Y,A,W,L,E
S,T,E,I,N
S,I,E,B,E
N,O,P,P,E
U,N,R,A,T
M,O,D,E,S
R,A,R,E,R
E,X,E,S,T
R,E,E,S,T
E,K,L,I,G
E,B,E,L,S
K,O,L,L,I
H,E,B,E,S
D,U,F,T,E
E,N,D,E,L
K,A,P,R,E
M,A,Z,Z,E
T,U,F,F,S
O,R,D,R,E
T,A,Y,E,N
L,O,C,K,E
P,A,M,I,R
L,A,T,Z,E
O,E,L,T,E
P,F,A,D,E
R,A,L,L,E
K,E,T,T,E
A,B,A,T,I
K,N,A,L,L
W,E,R,G,S
A,A,S,T,E
H,E,B,S,T
S,Q,U,A,W
T,I,P,P,E
F,U,L,D,A
O,S,K,E,N
S,T,O,R,Y
G,O,N,G,S
A,B,A,C,A
M,A,R,L,S
K,E,R,L,E
Z,E,N,I,T
M,O,T,T,E
Z,Y,A,N,E
S,K,U,N,K
T,O,B,T,E
T,R,A,G,T
R,U,H,E,T
S,A,U,N,A
L,U,M,E,N
P,O,L,L,E
N,E,R,D,S
Z,O,E,G,T
S,A,U,C,E
H,A,N,S,E
B,A,H,O,E
Z,I,E,L,E
W,A,T,E,N
B,E,R,N,S
S,T,E,H,N
S,I,N,G,E
F,E,T,Z,E
K,A,T,H,I
T,E,X,T,E
Q,A,N,A,T
K,O,T,I,G
D,E,V,O,T
B,I,N,G,O
C,R,E,M,A
G,I,K,S,T
F,E,I,T,E
Z,A,E,H,N
B,R,O,C,K
M,E,N,S,A
A,R,Z,T,S
H,E,L,I,X
L,I,P,S,I
A,A,P,E,N
S,O,Y,K,A
P,I,E,K,T
B,O,E,H,M
P,I,K,T,E
K,I,L,T,S
Z,A,P,F,T
A,R,T,E,N
N,A,I,V,E
K,O,N,D,O
A,E,T,Z,E
T,R,A,F,T
W,E,H,R,T
W,U,E,S,T
H,A,K,E,N
V,O,R,N,E
O,U,K,I,E
E,R,Z,O,G
W,E,H,E,S
L,A,K,I,N
N,I,S,T,E
L,A,A,G,E
A,N,Y,O,N
A,R,E,A,L
H,E,I,K,E
I,K,O,N,E
P,E,L,L,E
P,U,L,K,S
B,E,R,U,F
G,E,L,B,S
T,E,E,E,I
R,U,H,E,N
A,E,O,N,S
W,E,R,K,S
H,A,G,L,E
E,L,A,N,S
P,O,G,G,E
A,M,I,N,A
K,E,R,U,B
G,E,E,X,T
S,A,L,V,E
H,U,K,E,N
B,I,N,D,E
S,U,H,L,T
A,Z,I,U,S
H,O,P,S,E
O,N,Y,X,E
K,L,O,P,F
K,E,H,R,T
R,E,I,Z,E
G,U,L,A,G
V,I,R,I,L
A,E,S,E,N
V,O,G,T,S
B,E,R,I,T
E,N,G,E,S
M,O,D,R,E
Z,E,L,L,E
G,O,N,E,S
E,N,D,L,E
T,R,A,N,K
H,U,E,B,E
C,A,M,P,S
S,O,Z,I,S
G,A,S,S,E
B,U,T,T,E
G,L,I,C,H
T,O,N,I,S
J,U,X,E,T
B,A,D,E,T
M,I,L,B,T
P,I,R,A,T
P,I,E,R,S
D,U,R,S,T
J,U,C,K,T
S,A,E,U,G
G,E,M,M,E
E,R,Z,E,S
O,R,J,O,L
K,N,O,S,P
B,R,I,E,F
S,I,E,H,E
H,E,B,E,T
L,O,G,S,T
T,A,N,G,A
C,O,L,A,S
B,E,S,T,E
T,E,I,F,I
A,D,D,E,N
G,E,N,F,S
A,C,Y,L,E
A,L,A,N,T
Z,I,T,A,S
F,A,L,Z,T
M,A,I,R,S
L,I,N,K,E
L,U,G,E,S
B,E,U,L,E
K,R,E,I,S
G,R,O,L,L
L,O,T,O,S
L,E,I,M,S
W,A,D,L,S
B,I,T,T,E
Z,U,E,G,E
P,U,L,K,E
N,E,C,K,E
R,E,E,S,E
H,E,G,E,N
H,E,R,R,S
R,U,P,F,T
K,R,A,K,E
D,O,E,R,R
G,I,F,T,S
A,B,I,A,S
E,S,P,A,N
V,E,D,A,S
G,E,L,E,R
A,B,R,A,M
F,U,F,U,S
K,O,C,H,T
S,U,S,H,I
G,R,A,U,S
D,A,R,M,S
V,E,R,S,E
W,A,G,T,E
S,T,U,P,F
H,I,N,G,T
M,I,M,S,T
V,I,R,U,S
F,L,I,E,G
A,B,R,I,N
Z,A,R,A,H
F,I,E,R,T
S,E,X,E,T
L,A,E,G,E
A,D,L,E,R
B,A,L,Z,T
W,O,L,K,E
S,U,L,Z,E
B,I,S,S,T
M,A,N,N,S
P,E,S,O,S
P,O,E,M,S
T,I,T,E,R
H,A,B,R,E
H,U,B,E,I
T,A,X,T,E
B,U,C,H,T
D,U,N,G,E
A,H,N,E,S
R,A,U,F,T
B,L,A,S,T
F,E,N,N,S
R,O,N,N,Y
F,O,R,K,S
Y,U,C,C,A
L,E,I,B,T
S,A,E,T,E
B,A,U,C,H
M,I,E,R,E
S,I,N,N,T
R,A,D,A,R
M,A,S,S,E
I,S,C,H,E
B,E,H,O,B
F,I,E,P,E
Z,A,H,N,T
K,A,E,L,K
O,S,C,A,R
T,R,O,S,S
E,N,N,I,S
U,Z,T,E,N
K,A,U,B,S
B,U,G,E,N
S,O,N,A,R
N,U,D,E,L
O,B,E,R,N
P,A,P,S,E
K,A,S,K,O
W,A,R,Z,E
G,O,M,E,L
D,I,S,S,E
A,M,I,N,E
U,T,R,U,M
K,A,K,E,S
N,U,T,Z,T
D,A,X,E,N
H,A,R,F,E
I,N,N,E,N
F,E,H,D,E
I,M,M,E,R
K,I,O,S,K
T,I,L,L,I
P,E,N,I,G
E,R,B,E,S
C,O,R,D,S
M,A,H,L,E
O,D,E,R,S
M,U,E,L,L
M,A,D,E,N
Z,U,K,A,M
R,O,D,E,L
S,O,H,L,T
M,O,D,L,E
A,T,M,A,N
M,I,E,N,E
S,E,I,N,S
D,U,R,I,T
K,A,E,M,T
K,E,R,N,E
G,E,L,B,E
T,O,P,F,S
W,R,U,K,E
P,I,M,P,F
H,O,H,L,E
W,A,E,H,L
A,M,B,I,G
K,I,W,I,S
B,O,L,I,D
P,O,P,E,N
A,B,E,R,S
Z,O,E,G,E
R,E,B,U,S
S,E,I,G,E
S,A,H,N,T
V,E,S,T,A
W,I,S,S,E
P,E,K,I,G
Z,A,P,P,T
P,U,S,H,T
W,I,E,K,E
M,U,M,I,E
N,Y,A,L,A
R,E,H,A,U
P,F,L,E,G
F,U,F,F,I
S,E,X,E,N
L,I,N,S,E
P,A,X,E,N
F,I,E,P,S
R,A,H,E,N
P,L,A,U,E
A,L,B,A,N
R,I,G,G,E
L,A,G,S,T
S,C,O,O,P
O,R,T,E,S
V,I,Z,I,N
H,A,F,E,R
B,O,G,S,T
F,U,C,H,S
T,A,U,F,T
X,Y,L,A,N
H,O,C,K,E
M,A,O,R,I
S,E,N,A,T
T,R,A,F,O
V,O,C,E,S
C,R,W,T,H
P,N,E,U,S
K,U,H,N,S
E,U,T,E,R
B,A,R,Y,T
H,U,N,N,I
B,E,E,I,L
B,E,S,C,H
G,R,A,F,S
H,U,L,L,S
A,R,R,A,K
S,L,I,M,E
W,E,R,D,E
L,I,A,N,E
K,R,O,C,H
L,I,P,I,D
S,A,Z,E,N
E,K,L,A,T
H,E,S,S,E
A,L,K,E,S
S,A,C,K,S
Z,U,T,U,N
N,I,G,E,R
J,O,S,E,F
B,O,W,L,E
P,U,R,E,R
R,E,N,K,T
A,K,R,E,N
S,L,U,P,S
R,H,E,D,E
K,O,E,R,E
F,E,T,U,S
D,O,P,E,S
N,O,E,L,T
K,O,B,R,E
C,H,A,T,S
H,A,G,E,L
G,A,M,S,T
V,A,M,P,S
F,A,H,E,N
M,A,I,N,E
A,L,G,E,N
P,R,O,M,I
L,O,E,S,T
O,E,D,E,N
W,U,Z,E,L
B,L,I,T,Z
J,A,U,C,H
E,X,O,N,S
G,O,L,F,S
K,L,O,E,N
E,R,B,E,T
U,L,T,R,A
M,O,R,D,S
R,A,S,C,H
U,E,B,E,L
I,N,N,E,R
E,L,E,N,D
S,C,H,O,R
G,R,U,S,E
E,R,I,C,A
U,M,S,A,H
A,D,O,U,R
Z,O,L,L,S
B,A,L,V,E
A,F,T,E,R
E,R,E,R,B
B,I,E,N,N
A,K,U,T,S
M,Y,Z,E,T
G,I,R,R,E
S,A,A,M,I
K,L,I,N,K
F,A,B,E,R
Q,U,A,K,T
B,L,I,N,K
Z,U,M,B,A
N,A,H,L,E
F,E,I,S,T
S,H,O,R,T
L,I,E,S,E
A,S,T,E,T
A,U,L,E,N
K,A,M,P,S
K,O,R,P,S
K,A,U,E,N
E,R,B,E,B
B,I,K,E,T
F,A,I,N,A
H,A,C,K,E
E,W,I,G,E
L,A,T,T,E
J,A,U,S,E
A,L,T,I,S
H,I,E,F,E
K,A,B,E,L
T,R,I,O,S
P,R,I,M,A
G,A,S,E,T
R,I,T,Z,T
R,E,I,S,E
K,L,O,S,S
T,A,I,G,A
E,X,T,E,N
A,M,A,R,A
H,A,R,D,E
E,I,E,R,E
M,A,L,E,N
M,I,Z,O,S
F,E,R,S,E
R,E,G,E,R
L,O,E,G,T
M,E,S,O,N
A,U,G,E,S
S,E,M,E,M
G,O,S,U,S
S,K,U,L,L
H,L,E,Z,A
C,O,U,P,E
L,A,S,I,N
H,E,U,T,E
H,U,N,N,E
L,E,H,L,S
K,O,L,L,O
U,L,M,E,R
B,U,B,E,N
A,R,S,E,N
Q,U,I,T,T
D,I,K,T,A
C,I,R,C,A
P,U,T,Z,E
C,O,D,E,T
L,O,D,E,R
F,I,B,E,L
U,T,A,H,S
B,A,C,O,N
T,R,A,N,S
R,A,T,T,E
E,P,H,O,R
W,A,L,E,N
A,N,I,C,H
L,A,N,G,T
S,L,A,S,H
F,L,E,H,M
R,U,H,M,S
P,A,P,P,E
H,U,R,T,E
L,I,N,K,T
L,O,R,D,S
S,O,L,A,R
R,U,P,F,E
B,L,U,E,H
R,A,C,K,E
O,L,F,E,N
H,U,R,I,S
G,R,U,P,P
B,R,I,M,E
M,O,R,A,L
I,L,L,I,G
U,N,Z,E,N
K,O,D,A,S
M,E,I,S,E
M,A,H,N,T
F,O,P,P,T
H,O,R,B,S
B,E,E,P,S
N,A,S,C,H
K,O,M,A,S
R,E,I,F,T
J,A,P,A,N
R,A,U,B,S
E,N,T,E,R
H,E,L,F,T
M,A,C,K,E
P,L,I,N,S
S,T,U,K,A
K,I,T,E,N
R,E,N,E,N
O,H,R,E,S
A,L,B,U,S
M,A,D,L,N
B,E,U,T,E
O,P,U,W,O
O,T,T,O,S
P,E,R,L,E
L,I,C,H,S
V,O,L,K,S
L,A,M,A,S
S,A,S,S,T
S,E,T,Z,E
P,U,T,T,S
P,E,R,D,U
A,N,G,S,T
F,R,A,M,E
U,M,L,A,D
G,H,A,N,A
B,A,T,E,N
A,M,I,N,S
P,O,P,P,T
M,A,L,T,E
A,U,D,I,S
S,I,N,K,E
W,A,L,Z,T
G,O,E,R,S
S,P,A,C,E
B,I,E,N,S
L,A,C,H,T
P,R,E,L,L
O,E,F,E,N
B,A,S,K,E
U,N,I,X,E
B,R,E,M,S
F,L,Y,E,R
H,A,N,J,A
A,D,A,L,A
H,I,E,B,T
T,E,R,M,E
W,A,R,T,E
F,L,I,R,R
Q,U,A,L,M
A,G,O,N,E
S,Z,E,N,E
S,I,T,A,R
P,O,C,H,E
Z,A,I,N,E
L,Y,R,I,K
W,O,T,I,N
C,A,M,P,T
M,U,H,S,T
R,A,V,E,T
B,A,E,R,E
M,O,G,U,L
G,E,T,A,S
G,U,R,T,E
Z,O,P,F,E
L,A,S,E,R
T,U,P,E,L
Z,U,P,F,E
P,R,I,E,L
O,R,N,A,T
T,A,N,G,S
I,N,T,I,M
O,E,L,D,E
E,G,G,T,E
B,E,H,E,B
L,U,K,A,S
J,A,G,E,N
G,A,M,T,E
S,P,I,N,T
Z,I,B,B,E
B,R,U,E,T
K,O,K,K,E
U,Z,T,E,T
A,G,G,E,R
H,E,C,H,T
E,I,F,R,E
G,U,T,E,N
I,R,R,E,N
T,U,R,N,E
W,A,M,S,E
K,A,T,T,E
H,O,N,E,T
E,R,D,I,G
M,A,T,R,E
L,A,U,E,N
R,O,B,O,T
A,E,T,I,T
N,O,R,M,T
E,R,N,T,E
B,L,A,S,S
F,A,B,R,I
S,O,L,L,T
B,A,R,R,E
B,U,X,E,N
D,O,N,G,A
J,U,B,A,S
S,T,O,O,B
W,O,R,M,S
W,A,F,F,E
W,A,N,E,N
P,I,C,K,T
H,E,L,I,S
B,U,H,E,T
W,E,R,K,T
E,M,M,A,S
D,U,Z,E,N
S,A,F,E,D
H,A,L,O,S
S,I,N,J,E
T,I,N,A,S
C,H,A,T,T
B,A,N,A,T
A,L,A,A,F
A,R,R,H,A
E,M,M,Y,S
P,I,S,A,S
E,B,B,E,S
C,H,E,W,A
G,I,L,B,T
A,C,H,A,T
F,E,H,L,T
N,A,P,F,E
M,O,S,T,E
L,O,S,T,S
S,U,C,R,E
H,I,R,M,S
T,U,S,S,E
D,O,R,I,S
Z,O,P,F,T
F,L,I,T,Z
W,A,R,P,S
P,U,L,T,S
S,U,J,E,T
P,O,L,E,N
T,A,L,J,E
Z,O,C,K,E
P,L,U,M,P
V,O,U,T,E
A,L,T,E,L
F,L,E,T,T
P,R,A,C,K
A,P,E,R,E
G,R,A,M,E
I,N,T,R,O
L,O,R,I,S
S,A,N,K,T
U,N,K,E,N
S,E,N,F,E
M,I,N,N,E
L,U,F,T,S
L,E,R,N,E
M,O,M,M,E
E,R,B,O,S
W,E,R,B,E
A,D,O,L,F
H,A,L,M,S
B,R,E,Z,E
B,A,R,K,E
L,A,B,E,T
F,E,T,A,L
T,A,X,O,N
A,M,T,E,S
K,N,O,C,K
N,A,D,L,E
F,U,R,A,N
S,A,M,O,A
D,O,N,A,U
E,A,R,L,S
V,I,S,U,M
S,T,U,H,R
W,E,I,N,S
S,T,E,L,E
N,E,P,P,S
M,A,U,L,S
G,U,S,L,E
F,E,I,E,T
T,O,U,R,I
A,L,K,I,S
N,O,T,A,R
F,I,R,N,E
B,I,L,C,H
S,T,I,L,E
W,A,S,E,R
K,A,U,F,T
K,E,B,S,E
T,U,C,K,S
A,B,H,O,B
S,T,E,N,Z
K,O,R,E,A
T,R,O,G,E
X,Y,L,I,T
Z,U,Z,U,G
D,I,L,L,E
A,Z,U,B,I
S,T,A,G,E
I,D,I,O,M
E,R,L,A,B
L,I,T,T,E
F,I,G,U,R
J,O,G,G,E
M,E,R,K,T
P,I,K,E,N
B,O,M,B,O
K,U,N,F,T
L,O,H,R,S
P,A,R,A,T
H,A,M,A,C
V,O,T,I,V
L,I,M,A,S
L,U,R,C,H
S,T,I,R,N
W,A,N,K,T
S,K,A,T,S
M,A,S,E,R
S,H,A,W,S
K,A,E,T,E
R,O,E,T,E
K,A,K,E,L
F,E,H,E,N
U,N,R,U,H
M,U,R,K,S
M,A,K,R,O
B,I,O,M,S
M,I,M,E,N
D,U,E,R,O
N,A,T,E,L
F,R,E,I,A
A,N,D,O,N
E,U,R,E,S
M,Y,O,P,E
A,S,S,A,M
R,E,N,A,L
D,A,H,E,R
S,T,R,O,H
K,U,E,R,T
S,U,V,A,S
L,O,E,G,E
H,E,R,N,E
K,L,E,H,E
P,A,U,L,A
T,A,P,R,E
S,U,D,E,N
M,U,E,D,E
Z,E,C,K,T
W,U,E,H,L
K,O,H,L,T
I,G,L,A,U
A,R,M,E,N
A,D,J,E,S
F,A,N,G,S
F,E,I,X,T
T,A,L,I,B
W,A,M,P,E
C,H,A,R,T
E,S,E,L,S
J,U,C,K,E
R,E,C,H,T
L,E,X,I,K
K,U,P,O,N
E,R,D,E,N
R,U,B,R,A
H,O,R,D,E
P,U,R,E,S
P,O,S,C,H
T,O,N,D,I
J,O,T,A,S
E,I,L,T,E
U,L,K,T,E
Z,E,L,L,S
M,I,S,T,E
T,E,U,R,O
M,I,E,F,S
M,A,C,H,O
L,Y,R,E,N
F,O,R,K,E
D,E,T,T,O
Z,I,T,A,T
W,I,N,D,S
D,A,D,A,S
M,U,Z,I,N
P,R,A,E,G
T,A,R,O,S
N,A,D,I,R
O,M,S,K,S
S,P,U,E,R
L,A,G,E,R
K,O,E,P,F
J,A,M,B,E
T,R,E,N,Z
M,E,E,R,S
F,E,I,M,S
E,M,O,J,I
B,O,G,E,Y
G,A,M,M,A
M,I,A,M,I
N,O,C,T,U
R,E,I,T,E
W,E,G,E,N
G,N,A,D,E
Z,A,R,M,A
Z,I,E,P,T
D,U,E,S,T
Y,A,N,G,S
K,I,N,N,S
T,E,R,N,O
I,K,O,N,S
N,U,L,P,E
L,A,P,P,E
B,R,A,N,D
A,L,B,A,S
E,R,Z,E,T
M,A,U,L,T
T,H,O,N,S
F,E,X,E,S
D,I,L,L,S
M,A,R,A,S
K,L,E,B,T
B,O,N,G,S
O,C,H,S,T
A,B,W,O,G
G,U,S,T,L
A,R,K,A,N
W,H,I,G,S
U,R,O,M,A
S,I,T,A,S
L,I,D,E,S
H,A,N,D,Y
K,O,L,A,S
M,A,H,L,T
F,A,K,T,S
G,E,N,U,G
E,C,K,E,S
R,O,E,H,R
R,E,T,T,E
V,A,C,H,A
W,A,L,L,S
H,A,R,A,M
B,L,U,E,S
P,U,L,S,T
F,O,R,T,E
M,A,N,G,E
J,A,C,K,Y
I,R,R,E,T
S,O,K,O,S
M,O,L,E,N
S,E,N,F,S
W,A,E,G,T
S,P,A,T,E
H,I,N,A,N
T,A,D,I,G
M,I,E,F,E
P,L,A,T,Z
K,A,K,L,E
N,I,D,E,L
T,A,X,E,T
T,R,E,N,N
F,R,O,N,S
T,R,A,P,O
O,Z,O,N,S
S,I,G,E,L
H,E,T,Z,T
A,P,E,R,N
D,E,P,P,E
R,A,L,L,T
M,O,R,O,S
K,R,I,E,K
L,I,N,I,E
P,A,R,K,A
K,A,L,I,S
B,A,K,E,L
W,I,L,D,S
H,A,A,R,S
V,O,L,L,E
W,E,I,D,E
K,L,A,U,E
H,E,H,R,E
E,D,E,R,S
A,L,T,A,I
T,I,N,E,N
F,L,E,X,E
U,R,B,A,R
T,O,P,P,S
B,A,R,D,E
T,A,N,N,S
I,N,G,E,N
A,R,A,K,S
Z,O,O,M,E
L,I,N,D,E
N,O,T,I,Z
G,L,A,C,E
K,U,R,S,K
L,U,N,G,E
Z,O,O,M,T
G,U,E,L,L
S,A,N,D,S
F,I,N,G,E
H,I,E,B,S
K,U,R,E,T
S,L,I,C,E
P,E,L,L,T
P,A,R,Z,E
T,O,R,I,I
R,U,E,H,M
R,I,E,S,E
S,T,R,E,U
H,A,N,F,S
T,H,U,J,A
V,L,O,G,S
T,I,P,P,T
E,R,L,A,A
K,I,T,E,T
A,J,V,A,R
H,U,E,N,E
V,A,R,E,L
S,C,H,U,H
N,A,N,A,S
A,B,E,R,T
S,A,H,E,N
S,E,L,B,S
E,K,L,E,N
F,U,E,H,R
F,R,E,I,E
H,O,R,N,E
C,E,L,L,I
Z,U,A,V,E
E,R,D,E,T
T,A,L,A,R
B,L,I,N,I
B,L,O,C,K
H,U,B,S,T
M,O,N,A,T
M,O,K,K,A
V,I,T,A,E
R,E,I,F,E
R,A,U,E,R
Z,O,N,A,L
K,R,A,B,B
B,A,U,L,E
F,A,S,E,R
B,I,L,D,E
T,A,L,E,S
T,E,I,N,S
M,A,L,M,S
W,A,E,L,Z
X,Y,S,T,I
A,J,K,A,S
F,E,I,N,D
M,A,R,O,D
P,O,P,P,E
O,T,T,E,R
G,U,S,T,O
D,O,D,O,S
A,F,R,A,S
S,A,N,K,A
T,E,X,T,S
H,A,B,I,T
S,O,D,A,S
E,R,H,O,B
W,O,E,L,B
A,U,X,I,N
Z,E,L,T,E
S,U,N,K,S
Z,U,M,A,L
W,A,I,D,E
S,P,E,I,S
J,O,D,A,T
P,I,C,K,S
T,E,N,D,O
M,U,T,Z,E
P,R,I,N,Z
R,E,E,T,S
E,S,C,H,E
B,R,E,I,S
A,S,I,E,N
R,O,B,E,N
K,R,O,E,N
H,A,P,R,E
O,M,E,G,A
U,E,B,E,T
L,E,H,R,T
X,I,A,N,G
W,A,C,H,E
F,A,E,H,E
N,I,S,A,N
I,N,K,A,S
M,U,R,T,E
H,U,E,L,L
W,A,N,Z,E
W,H,I,P,S
S,T,O,R,E
W,E,I,D,A
A,L,O,I,S
F,U,E,L,L
T,H,O,R,N
Q,U,A,S,T
E,R,B,E,N
P,U,F,F,S
G,U,E,N,S
S,T,O,L,A
E,I,E,R,T
H,E,G,E,L
V,A,S,E,N
L,A,B,I,L
S,C,H,A,L
A,L,L,E,N
B,E,N,I,N
Z,E,I,G,T
F,E,S,T,S
R,A,R,E,N
B,O,H,N,E
A,R,A,K,E
T,R,E,T,E
K,A,L,K,S
M,E,R,K,E
S,E,N,J,S
H,E,I,Z,T
F,I,R,M,E
B,A,G,N,O
K,E,T,I,N
T,I,L,G,T
A,R,M,E,R
M,U,T,E,X
H,A,M,E,N
A,P,E,R,T
M,A,G,E,R
L,U,L,L,T
A,U,T,U,N
S,I,M,R,I
P,E,N,I,L
G,A,S,I,G
O,L,L,E,R
X,E,N,O,S
P,R,O,F,I
A,L,T,E,M
G,L,A,T,Z
F,I,L,O,U
L,E,N,Z,T
F,O,H,L,T
D,A,T,E,S
T,O,D,E,N
A,L,M,S,T
B,E,T,O,N
U,F,E,R,S
W,E,B,E,T
B,L,A,H,E
S,O,R,G,T
M,I,X,E,D
A,D,U,L,T
F,U,Z,E,L
C,O,U,N,T
M,O,S,E,L
M,A,R,K,T
Z,O,R,E,S
Z,W,A,E,G
E,S,E,L,N
B,A,K,E,N
F,L,U,C,H
O,Z,E,A,N
D,O,P,S,T
E,Z,Z,E,S
S,O,M,I,T
H,E,F,I,G
M,A,R,I,N
B,A,N,G,T
X,E,N,O,N
S,O,Z,I,O
K,E,T,O,N
K,L,I,N,E
M,A,Y,R,S
L,E,U,T,S
H,A,N,E,N
F,A,T,W,A
A,P,I,A,N
O,W,N,E,T
H,O,B,S,T
K,I,C,K,T
O,E,H,R,S
G,E,T,T,I
K,A,L,B,T
F,I,L,M,T
M,I,N,N,A
M,I,L,K,T
K,O,R,N,E
B,R,A,E,M
D,E,N,K,T
F,O,C,H,T
D,R,A,N,N
S,Y,P,H,S
K,O,S,T,E
M,O,P,P,E
C,H,I,C,K
P,S,K,O,W
K,E,G,E,L
A,X,I,O,M
L,O,L,L,I
W,U,H,N,E
A,K,R,A,L
T,E,M,P,I
N,E,I,G,T
P,A,U,K,T
S,A,M,T,E
S,U,D,O,R
B,U,E,S,I
B,R,I,T,E
S,P,E,L,Z
F,O,O,D,S
P,E,S,T,S
D,A,U,S,S
E,R,B,I,N
S,E,X,Y,E
A,U,E,R,S
M,Y,Z,E,L
W,O,C,H,E
K,U,R,T,S
W,E,H,E,M
S,O,N,S,T
Z,W,I,S,T
S,T,O,B,T
T,A,B,O,R
H,E,R,D,S
E,T,H,E,R
C,A,E,N,S
P,I,N,A,X
P,A,K,E,T
Z,A,G,E,N
M,A,D,I,G
S,O,U,N,D
M,U,L,L,E
E,K,E,L,T
A,L,I,T,A
D,I,M,M,T
B,A,S,E,L
B,E,U,G,E
B,R,I,N,K
S,O,A,V,E
L,A,B,A,N
S,P,I,N,S
B,U,T,T,S
T,O,R,U,S
G,R,I,N,S
W,O,G,E,N
J,E,H,E,R
S,I,N,T,I
R,O,L,O,F
S,A,C,K,E
S,I,G,L,E
Q,U,I,N,T
D,U,M,M,I
L,O,D,G,E
K,E,I,M,T
K,O,K,O,N
S,C,H,O,B
D,A,T,E,I
H,A,B,E,T
L,O,T,T,O
L,U,N,D,E
E,L,J,E,N
I,B,A,N,S
S,V,A,N,E
P,R,O,B,E
B,I,W,A,K
G,U,L,L,Y
O,U,Z,O,S
F,A,K,T,E
K,O,K,E,N
S,A,E,S,T
T,A,H,R,S
L,I,E,G,E
F,U,R,Z,T
M,O,L,C,H
M,E,T,T,E
A,B,S,O,G
T,I,T,U,S
O,R,D,E,N
G,O,D,E,N
W,E,S,E,N
F,O,H,L,E
F,A,N,T,E
D,A,U,B,E
H,U,M,U,S
P,R,E,I,E
B,R,A,T,E
G,E,N,U,A
A,K,Y,N,S
F,U,N,D,S
H,O,M,O,S
K,A,E,L,T
M,I,S,O,S
U,M,H,A,T
S,I,O,U,X
L,A,D,E,R
E,R,J,A,G
D,A,H,L,S
T,R,U,E,G
B,E,M,A,S
B,A,S,A,R
V,I,R,E,N
K,L,E,I,S
R,A,M,I,N
O,R,G,I,E
R,U,S,T,S
N,O,B,L,E
S,I,P,P,E
M,E,I,N,E
H,E,R,O,E
F,A,S,E,T
S,A,L,M,S
O,L,D,I,E
A,N,K,E,R
E,R,L,E,N
H,A,U,S,E
R,U,D,E,R
S,P,A,E,N
J,U,D,E,N
W,E,L,P,E
T,R,A,B,I
V,O,T,U,M
F,L,O,R,I
L,A,I,E,N
G,R,A,N,T
S,A,E,U,M
F,R,O,N,E
Q,U,A,E,K
M,O,E,W,E
M,A,L,A,S
B,A,U,T,E
N,A,R,W,A
J,O,I,N,T
K,H,M,E,R
P,R,A,I,A
A,L,I,N,A
L,I,E,H,T
G,U,I,D,O
K,L,A,E,R
A,V,I,S,O
S,I,M,S,T
G,E,G,N,E
T,A,D,L,E
L,A,L,A,S
S,P,U,L,E
A,S,I,A,T
S,A,I,T,E
M,E,M,E,S
R,O,G,E,N
Y,P,E,R,N
B,O,E,L,K
L,O,G,O,S
D,R,A,U,S
Z,E,I,L,E
F,A,S,S,E
F,I,C,K,T
T,O,R,T,E
T,R,O,S,T
S,U,F,E,T
V,A,L,I,D
S,T,I,E,L
K,A,H,N,E
E,R,B,A,U
G,A,B,E,N
P,E,I,L,E
B,O,M,B,T
G,R,I,P,S
H,O,R,S,T
D,A,L,K,T
D,A,G,G,A
Q,U,E,R,T
T,H,A,N,S
C,O,D,E,N
R,E,E,D,E
D,A,C,K,E
M,A,M,P,F
F,E,I,R,E
B,U,R,A,N
T,A,G,E,T
Z,I,N,N,S
T,R,A,U,N
B,L,A,N,K
F,U,N,Z,T
Z,U,L,P,E
M,E,I,R,E
A,L,E,X,A
A,R,M,E,M
T,R,O,T,T
M,U,M,M,T
E,R,G,E,H
A,R,V,E,N
B,A,A,C,K
R,A,C,H,E
T,R,A,U,M
Z,U,G,A,B
E,H,L,I,N
U,R,I,N,E
J,O,U,L,E
B,L,A,E,U
S,T,A,R,E
B,E,K,A,U
S,O,L,O,S
B,R,I,G,G
J,O,N,N,Y
N,E,I,D,E
N,A,B,E,L
I,N,S,T,E
P,O,S,T,E
L,I,T,E,R
M,I,M,I,N
C,H,U,R,S
P,A,P,A,L
G,E,I,E,N
G,L,I,E,D
H,E,N,N,E
K,E,U,C,H
K,U,R,I,E
B,I,L,D,S
L,A,P,P,T
L,A,K,E,N
P,U,M,P,E
P,R,A,H,L
T,R,A,B,S
B,L,U,T,E
A,M,I,D,S
Q,U,A,E,L
P,E,L,Z,E
T,A,E,T,E
C,L,I,C,K
R,I,E,F,E
C,H,O,S,E
S,A,E,E,N
Z,I,E,H,E
S,A,G,E,R
M,A,R,E,I
H,A,E,R,E
Y,U,K,O,S
H,U,H,N,E
I,M,S,T,S
K,A,L,B,S
M,A,N,A,G
G,U,R,T,S
K,I,C,K,S
K,R,A,D,S
S,O,L,C,H
U,M,Z,O,G
P,A,S,S,E
D,U,N,E,S
M,O,L,A,R
H,O,P,F,E
W,E,H,R,E
Z,I,T,Z,E
E,K,L,E,T
K,E,I,N,S
R,E,N,T,E
B,U,R,S,E
P,I,N,G,T
Q,U,A,A,S
L,I,N,K,S
C,L,A,N,S
B,A,R,E,S
H,U,B,E,N
J,O,D,E,S
K,I,T,A,S
K,A,L,I,F
N,I,O,B,E
L,I,M,E,S
K,O,R,S,T
L,A,B,O,E
K,A,R,T,E
P,I,N,G,E
R,A,P,H,E
S,A,H,E,L
G,U,E,T,E
S,O,M,A,L
O,E,H,I,S
O,R,G,L,E
P,F,A,H,L
P,I,E,R,E
D,A,M,M,S
E,R,T,A,G
K,I,G,A,S
A,S,S,E,S
U,N,K,E,L
A,M,U,N,S
T,A,N,T,E
K,A,T,E,R
I,O,T,A,S
G,E,R,E,N
P,L,A,Y,E
H,A,U,B,T
B,E,I,L,S
A,L,B,E,S
T,A,K,E,S
D,A,L,K,E
M,Y,O,M,S
Z,U,E,R,N
K,A,R,E,S
F,A,L,L,S
G,R,A,N,E
A,H,M,A,D
W,A,H,R,T
P,I,X,L,E
D,E,N,A,R
A,K,N,E,N
B,E,Z,O,G
B,A,N,N,T
K,R,E,I,D
M,O,T,Z,T
O,H,M,E,S
K,R,A,M,T
O,R,C,A,S
B,E,I,Z,T
H,A,E,N,G
T,A,T,Z,E
R,H,E,M,A
Q,U,A,I,S
W,E,S,T,E
H,E,E,R,T
K,N,U,R,R
F,R,E,U,E
E,U,P,E,N
K,E,R,F,S
R,O,N,D,O
K,L,I,N,G
L,E,C,K,E
B,E,B,A,U
A,B,E,R,E
B,E,I,N,E
A,D,E,L,E
J,E,U,E,N
H,O,H,E,M
H,U,N,D,E
Z,O,G,S,T
M,A,R,K,E
L,E,G,E,R
H,U,M,A,N
L,O,O,P,T
B,E,I,Z,E
I,P,P,O,N
Q,U,I,L,L
L,U,E,S,T
K,O,P,I,E
C,H,I,L,E
A,B,A,S,A
Z,E,N,Z,I
G,R,U,B,T
K,A,K,I,S
G,U,S,L,I
S,A,N,D,E
E,L,I,A,S
R,A,A,B,E
W,E,G,E,S
B,L,A,K,T
E,C,H,O,S
P,R,O,S,A
N,O,R,N,E
L,O,H,S,T
G,E,R,D,S
F,U,X,E,N
A,U,D,I,T
G,U,T,E,M
N,I,C,K,T
I,L,L,R,E
A,V,E,R,S
A,Z,I,N,S
R,A,N,K,S
H,I,E,V,E
Y,E,A,S,T
Z,E,H,R,E
B,O,D,Y,S
P,I,C,H,T
S,P,L,I,T
O,V,U,L,A
B,U,T,I,N
L,A,B,S,T
F,L,O,P,P
N,U,E,T,Z
R,A,N,C,H
T,I,X,O,S
J,U,D,A,S
K,O,L,O,N
K,I,K,I,S
Z,E,T,T,S
P,R,I,S,E
D,U,M,M,Y
S,I,E,G,S
V,I,F,E,S
G,E,N,U,S
K,A,J,E,N
S,T,E,P,P
E,N,G,E,T
Z,I,P,P,S
H,I,N,D,E
T,A,N,G,O
T,U,C,H,T
D,R,U,C,K
N,E,P,A,L
W,I,E,S,T
H,A,I,N,S
G,L,A,U,B
T,H,R,O,N
R,I,C,K,E
P,E,I,L,T
D,U,E,R,R
R,A,S,E,T
T,W,E,R,S
M,O,G,E,L
R,A,H,M,T
Z,A,C,H,E
L,A,B,O,R
A,E,B,I,S
H,E,M,D,E
S,H,U,N,T
R,A,D,L,S
T,I,M,I,D
A,P,O,L,L
W,I,C,H,E
R,O,S,I,G
L,E,D,E,R
K,O,P,P,T
D,E,B,I,L
P,U,N,C,H
S,P,E,I,L
R,O,B,B,E
T,U,P,F,E
S,T,A,L,L
A,B,E,C,E
G,R,I,T,E
B,O,Z,E,N
E,R,B,U,B
M,I,X,E,S
T,R,O,L,L
U,N,K,A,S
Q,U,E,C,K
M,E,K,K,A
T,U,E,R,M
L,O,B,T,E
N,A,H,S,T
G,O,T,T,E
H,A,I,K,U
E,I,D,E,R
P,O,G,T,E
A,Y,O,L,D
D,A,R,T,S
S,I,N,N,E
J,U,N,O,S
H,U,N,Z,E
S,C,H,A,F
M,O,I,L,D
K,A,T,A,R
K,A,J,A,L
W,A,E,H,N
S,Y,R,T,E
I,N,G,A,S
S,A,U,S,T
W,E,D,E,N
S,I,E,B,S
M,A,Y,E,R
T,R,A,K,T
J,A,H,R,E
F,U,S,E,L
W,O,K,E,N
E,B,B,E,T
A,M,E,R,O
S,A,G,T,E
G,E,L,O,B
R,U,H,M,E
N,A,S,A,L
A,S,S,A,I
A,L,O,E,N
H,A,L,L,E
D,E,M,U,T
G,E,G,E,N
A,X,E,L,N
R,H,E,N,S
C,A,P,E,S
R,I,T,U,S
K,A,B,L,E
M,O,X,E,T
T,A,L,K,E
O,M,U,L,S
T,O,R,S,O
W,U,C,H,S
S,U,M,M,T
M,I,N,S,K
H,A,G,E,N
H,E,U,S,T
E,T,W,E,R
L,U,X,U,S
M,I,E,T,E
S,C,H,E,S
M,E,T,E,S
H,O,R,C,H
P,O,P,O,S
K,A,U,F,S
A,R,N,D,T
B,U,B,E,T
H,E,M,D,S
S,I,K,H,S
B,O,W,L,T
A,T,Z,E,N
L,O,O,T,E
S,L,A,N,G
B,R,E,M,E
P,R,I,C,K
S,E,N,N,E
P,A,V,I,A
E,R,R,A,T
G,O,R,E,N
K,L,I,F,F
R,A,E,T,E
W,O,D,K,A
K,L,I,E,R
Z,A,N,N,I
E,H,R,E,N
E,T,M,A,L
A,R,F,S,T
M,A,A,R,S
A,E,R,E,N
A,L,B,R,E
H,A,N,Z,L
T,Y,P,E,S
P,O,L,O,S
B,E,I,L,E
S,O,H,L,E
G,O,C,H,S
A,V,A,L,E
T,O,M,M,Y
A,K,T,I,N
R,I,T,T,S
M,A,U,N,Z
M,I,X,E,T
Q,U,O,L,L
F,E,N,Z,T
K,L,A,P,S
S,T,A,B,T
A,M,B,R,A
F,I,C,K,E
S,A,M,I,N
T,I,A,R,A
T,O,B,S,T
S,I,E,B,T
E,N,Z,Y,M
A,G,N,E,S
T,O,R,Y,S
K,U,S,C,H
K,A,S,S,E
B,R,A,U,S
S,T,A,U,E
H,E,U,E,S
V,E,L,D,E
R,A,G,E,N
K,A,R,O,S
F,A,K,E,S
K,A,B,I,S
H,O,C,H,S
A,A,L,E,S
F,R,E,R,K
M,A,H,N,E
A,A,P,E,S
T,R,U,G,S
W,E,B,E,N
U,B,I,E,R
L,E,U,N,S
T,H,I,E,L
P,U,N,Z,E
B,I,B,E,L
B,L,I,D,E
O,B,O,E,N
D,R,A,E,U
L,I,E,B,E
C,H,I,L,I
P,O,S,E,T
C,I,L,L,I
D,I,C,H,T
T,O,B,A,J
A,L,N,O,T
D,A,C,H,S
A,L,T,E,N
H,Y,P,S,T
M,U,T,E,S
A,O,E,D,E
N,E,U,M,E
A,S,T,E,N
B,O,O,T,S
B,A,N,D,A
G,R,E,I,F
F,A,H,N,E
T,O,K,E,N
A,K,T,I,V
V,U,L,G,O
E,U,L,E,N
B,A,U,S,T
D,I,E,N,T
L,E,I,M,T
G,Y,R,U,S
Z,A,H,L,E
T,H,A,R,S
T,I,R,O,L
K,I,B,A,S
G,A,G,E,N
I,A,H,T,E
D,R,I,V,E
S,T,E,M,M
R,A,D,E,S
T,A,K,T,S
F,E,T,E,N
Y,L,I,D,S
S,E,R,E,N
K,E,R,W,E
E,K,R,U,E
M,I,L,C,H
A,N,H,O,B
T,U,E,R,K
G,L,O,S,A
Y,S,P,E,R
U,P,P,E,R
G,R,E,N,Z
K,A,M,M,E
V,O,T,E,N
N,I,O,B,S
S,I,C,K,T
H,O,P,F,T
M,A,R,S,E
R,E,E,P,E
T,O,A,S,T
S,T,E,T,L
D,E,C,K,T
O,O,Z,Y,T
S,E,P,P,S
M,A,T,T,I
R,E,G,A,L
N,O,B,E,L
B,O,B,B,Y
L,O,G,G,E
S,T,A,C,K
G,E,I,R,E
H,U,G,O,S
L,E,N,N,E
L,U,N,Z,E
V,A,G,E,M
B,R,I,N,G
O,H,I,O,S
T,O,R,T,S
S,H,A,W,L
B,L,U,E,N
S,A,N,F,T
E,N,N,U,I
B,R,I,T,S
X,Y,L,O,N
B,E,H,O,S
W,O,D,A,N
P,A,M,A,S
B,E,R,N,D
P,U,P,P,E
V,O,R,A,B
K,O,H,L,S
P,A,N,N,E
L,E,I,S,T
G,E,N,T,S
H,E,R,T,Z
I,K,T,E,N
M,I,E,D,E
E,M,P,O,R
J,A,C,K,E
J,A,E,C,K
H,E,N,N,A
K,O,B,E,R
S,E,H,N,T
S,H,O,P,P
O,C,T,A,N
M,U,E,H,E
J,O,C,H,T
G,R,A,M,S
S,P,I,E,N
A,L,Z,E,Y
Q,U,A,D,E
N,E,U,S,S
K,L,E,H,T
B,L,E,I,E
H,E,N,D,L
B,U,T,Z,E
H,E,I,N,Z
L,I,S,M,E
Q,U,I,E,K
K,I,T,T,S
A,S,K,U,S
P,A,L,A,S
D,I,R,N,E
O,E,S,E,L
A,R,E,N,E
G,A,L,L,T
B,O,O,M,E
L,E,K,T,E
K,A,L,T,E
B,U,S,E,N
N,O,E,R,T
R,A,I,S,E
S,A,H,R,A
P,E,R,U,S
Z,E,R,R,E
P,U,M,A,S
K,E,R,N,T
S,E,I,H,T
B,R,U,C,K
E,N,Z,E,N
T,U,R,N,T
D,O,R,S,A
T,O,R,S,I
S,A,S,A,K
B,E,T,A,N
I,D,U,N,A
T,A,T,I,N
D,A,H,I,N
N,A,T,U,R
A,L,K,A,N
R,E,G,E,S
O,V,O,I,D
R,I,S,S,T
S,I,E,L,E
G,U,P,F,S
S,A,L,B,T
N,E,I,D,S
B,E,E,N,G
K,E,N,N,T
A,D,O,B,E
W,E,S,S,I
I,N,D,U,S
A,E,C,H,T
T,E,E,N,S
S,T,E,I,L
N,E,R,V,S
D,A,R,B,T
G,A,U,D,I
J,U,M,P,T
R,O,D,E,R
N,E,C,K,T
W,I,R,B,T
Z,E,H,E,S
H,E,G,E,T
F,I,L,M,S
R,I,N,D,S
P,E,I,T,Z
H,I,N,K,T
A,V,A,R,E
J,O,B,B,E
R,O,S,A,S
P,A,T,C,H
D,U,M,P,F
T,R,U,N,K
M,A,G,O,T
T,O,N,N,T
R,E,B,E,N
F,A,S,E,L
W,E,I,B,T
S,A,G,O,S
G,A,U,B,E
L,A,U,E,M
M,U,R,R,T
M,A,S,T,E
E,T,A,T,S
M,U,E,H,T
V,I,E,R,E
D,O,L,O,S
L,U,G,E,N
R,U,E,S,T
W,A,L,L,E
S,T,I,L,S
K,N,I,C,K
J,O,C,H,E
B,O,E,G,T
K,U,R,A,T
O,R,A,L,E
G,E,R,N,E
A,Z,I,D,S
R,A,U,N,Z
L,O,G,E,N
J,U,R,I,J
G,L,U,F,E
B,U,T,A,N
P,E,S,E,L
S,T,I,C,K
B,U,B,S,T
E,R,W,O,G
F,A,K,S,T
B,I,M,S,E
G,E,I,T,E
B,A,R,M,T
S,A,M,T,S
P,F,U,H,L
M,E,I,K,E
T,O,T,E,R
M,O,B,B,T
M,A,H,L,S
Z,I,N,N,E
K,R,E,L,L
P,I,K,E,T
K,O,D,E,S
R,A,E,F,E
M,A,S,E,N
M,A,L,L,E
E,R,B,A,T
E,I,L,S,T
T,R,I,S,T
K,O,S,E,N
R,O,T,E,R
I,O,N,E,N
K,A,R,A,T
Z,O,P,E,N
S,P,U,K,E
A,D,E,L,T
K,U,P,P,E
J,U,X,E,N
M,U,T,I,G
K,L,A,A,S
S,T,A,M,M
K,L,A,U,B
W,A,U,E,N
S,K,E,N,E
H,O,O,K,T
C,U,R,I,E
H,A,S,P,E
K,O,T,E,T
S,P,U,N,D
T,R,I,E,F
S,C,A,T,S
K,E,I,K,E
O,X,Y,D,E
L,E,T,Z,T
G,O,D,L,N
T,O,T,U,M
B,O,H,L,E
L,I,C,H,T
G,U,R,K,T
B,R,A,U,E
G,E,R,D,A
T,A,J,O,S
T,O,T,E,N
J,O,S,U,A
S,A,U,F,T
K,A,M,E,E
B,I,R,N,E
H,E,M,E,R
B,L,A,U,E
V,O,L,A,R
E,H,L,E,N
Z,O,S,S,E
H,E,I,N,T
Z,L,O,T,Y
C,R,E,D,O
F,O,T,O,N
R,A,F,F,T
K,I,L,L,E
K,L,A,M,M
K,A,U,R,I
F,U,G,E,N
W,E,N,N,S
S,I,L,T,S
W,I,N,K,S
A,M,P,E,L
L,E,E,D,S
S,I,X,T,A
S,P,A,R,T
E,T,H,E,N
R,I,P,P,T
V,A,T,I,S
O,P,I,U,M
H,O,S,T,S
W,O,E,G,E
U,M,G,A,B
I,N,E,R,T
G,U,C,K,E
B,O,R,K,E
T,U,E,S,T
W,E,L,L,E
Z,O,F,F,E
S,O,H,O,S
K,L,O,S,E
P,I,C,K,E
P,U,L,E,N
B,A,E,H,T
O,S,L,O,S
K,U,G,E,L
P,I,E,K,E
E,U,L,E,R
P,E,T,T,E
G,O,E,T,Z
W,E,B,S,T
J,A,E,T,E
W,I,E,H,E
T,I,M,O,S
K,R,A,F,T
B,E,R,E,D
N,A,G,E,L
Z,A,M,I,E
P,A,R,T,Y
R,A,U,N,E
B,U,G,E,S
W,E,D,L,E
P,O,M,P,S
M,O,R,D,E
B,U,S,S,E
P,O,F,E,T
H,A,U,E,N
G,E,H,T,S
T,R,A,I,N
K,O,R,K,E
B,E,A,C,H
P,E,N,N,E
F,A,L,U,N
W,U,L,S,T
A,N,I,S,E
B,O,B,O,T
S,E,H,E,R
W,U,P,P,E
B,E,V,O,R
A,C,Y,L,S
K,U,N,Z,E
G,U,R,R,T
K,N,U,S,E
K,O,G,O,S
L,A,M,P,E
S,P,A,W,N
K,L,I,T,S
S,P,A,T,S
W,I,T,W,E
B,A,C,K,E
H,I,A,T,S
Z,E,L,G,E
Z,Y,R,U,S
A,M,P,E,R
B,A,L,L,T
A,D,A,M,E
I,L,S,E,S
H,E,X,I,N
P,U,C,K,T
H,A,R,Z,T
E,N,D,I,G
S,I,N,T,O
